/* guestbin.h — GENERATED by tools/mkguest.sh. Do not edit.
 *
 * The guest userland, compiled for our rv64 machine. These are real
 * programs: the boot loads them off the disk and executes them, and
 * corrupting one produces a genuine cpu trap or ELF-load failure.
 */
#ifndef NOM_GUESTBIN_H
#define NOM_GUESTBIN_H

static const unsigned char GUEST_INIT[] = {
    0x7f, 0x45, 0x4c, 0x46, 0x02, 0x01, 0x01, 0x00, 0x00, 0x00, 0x00, 0x00,
    0x00, 0x00, 0x00, 0x00, 0x02, 0x00, 0xf3, 0x00, 0x01, 0x00, 0x00, 0x00,
    0x00, 0x00, 0x01, 0x00, 0x00, 0x00, 0x00, 0x00, 0x40, 0x00, 0x00, 0x00,
    0x00, 0x00, 0x00, 0x00, 0x90, 0x16, 0x00, 0x00, 0x00, 0x00, 0x00, 0x00,
    0x00, 0x00, 0x00, 0x00, 0x40, 0x00, 0x38, 0x00, 0x07, 0x00, 0x40, 0x00,
    0x09, 0x00, 0x07, 0x00, 0x06, 0x00, 0x00, 0x00, 0x04, 0x00, 0x00, 0x00,
    0x40, 0x00, 0x00, 0x00, 0x00, 0x00, 0x00, 0x00, 0x40, 0x00, 0x01, 0x00,
    0x00, 0x00, 0x00, 0x00, 0x40, 0x00, 0x01, 0x00, 0x00, 0x00, 0x00, 0x00,
    0x88, 0x01, 0x00, 0x00, 0x00, 0x00, 0x00, 0x00, 0x88, 0x01, 0x00, 0x00,
    0x00, 0x00, 0x00, 0x00, 0x08, 0x00, 0x00, 0x00, 0x00, 0x00, 0x00, 0x00,
    0x01, 0x00, 0x00, 0x00, 0x04, 0x00, 0x00, 0x00, 0x00, 0x00, 0x00, 0x00,
    0x00, 0x00, 0x00, 0x00, 0x00, 0x00, 0x01, 0x00, 0x00, 0x00, 0x00, 0x00,
    0x00, 0x00, 0x01, 0x00, 0x00, 0x00, 0x00, 0x00, 0xc8, 0x01, 0x00, 0x00,
    0x00, 0x00, 0x00, 0x00, 0xc8, 0x01, 0x00, 0x00, 0x00, 0x00, 0x00, 0x00,
    0x00, 0x10, 0x00, 0x00, 0x00, 0x00, 0x00, 0x00, 0x01, 0x00, 0x00, 0x00,
    0x05, 0x00, 0x00, 0x00, 0x00, 0x10, 0x00, 0x00, 0x00, 0x00, 0x00, 0x00,
    0x00, 0x00, 0x01, 0x00, 0x00, 0x00, 0x00, 0x00, 0x00, 0x00, 0x01, 0x00,
    0x00, 0x00, 0x00, 0x00, 0x10, 0x04, 0x00, 0x00, 0x00, 0x00, 0x00, 0x00,
    0x10, 0x04, 0x00, 0x00, 0x00, 0x00, 0x00, 0x00, 0x00, 0x10, 0x00, 0x00,
    0x00, 0x00, 0x00, 0x00, 0x01, 0x00, 0x00, 0x00, 0x04, 0x00, 0x00, 0x00,
    0x10, 0x14, 0x00, 0x00, 0x00, 0x00, 0x00, 0x00, 0x10, 0x14, 0x01, 0x00,
    0x00, 0x00, 0x00, 0x00, 0x10, 0x14, 0x01, 0x00, 0x00, 0x00, 0x00, 0x00,
    0x68, 0x00, 0x00, 0x00, 0x00, 0x00, 0x00, 0x00, 0x68, 0x00, 0x00, 0x00,
    0x00, 0x00, 0x00, 0x00, 0x00, 0x10, 0x00, 0x00, 0x00, 0x00, 0x00, 0x00,
    0x01, 0x00, 0x00, 0x00, 0x06, 0x00, 0x00, 0x00, 0x78, 0x14, 0x00, 0x00,
    0x00, 0x00, 0x00, 0x00, 0x78, 0x24, 0x01, 0x00, 0x00, 0x00, 0x00, 0x00,
    0x78, 0x24, 0x01, 0x00, 0x00, 0x00, 0x00, 0x00, 0x00, 0x00, 0x00, 0x00,
    0x00, 0x00, 0x00, 0x00, 0x80, 0x22, 0x00, 0x00, 0x00, 0x00, 0x00, 0x00,
    0x00, 0x10, 0x00, 0x00, 0x00, 0x00, 0x00, 0x00, 0x51, 0xe5, 0x74, 0x64,
    0x06, 0x00, 0x00, 0x00, 0x00, 0x00, 0x00, 0x00, 0x00, 0x00, 0x00, 0x00,
    0x00, 0x00, 0x00, 0x00, 0x00, 0x00, 0x00, 0x00, 0x00, 0x00, 0x00, 0x00,
    0x00, 0x00, 0x00, 0x00, 0x00, 0x00, 0x00, 0x00, 0x00, 0x00, 0x00, 0x00,
    0x00, 0x00, 0x00, 0x00, 0x00, 0x00, 0x00, 0x00, 0x00, 0x00, 0x00, 0x00,
    0x00, 0x00, 0x00, 0x00, 0x03, 0x00, 0x00, 0x70, 0x04, 0x00, 0x00, 0x00,
    0xb6, 0x14, 0x00, 0x00, 0x00, 0x00, 0x00, 0x00, 0x00, 0x00, 0x00, 0x00,
    0x00, 0x00, 0x00, 0x00, 0x00, 0x00, 0x00, 0x00, 0x00, 0x00, 0x00, 0x00,
    0x2a, 0x00, 0x00, 0x00, 0x00, 0x00, 0x00, 0x00, 0x2a, 0x00, 0x00, 0x00,
    0x00, 0x00, 0x00, 0x00, 0x01, 0x00, 0x00, 0x00, 0x00, 0x00, 0x00, 0x00,
    0x00, 0x00, 0x00, 0x00, 0x00, 0x00, 0x00, 0x00, 0x00, 0x00, 0x00, 0x00,
    0x00, 0x00, 0x00, 0x00, 0x00, 0x00, 0x00, 0x00, 0x00, 0x00, 0x00, 0x00,
    0x00, 0x00, 0x00, 0x00, 0x00, 0x00, 0x00, 0x00, 0x00, 0x00, 0x00, 0x00,
    0x00, 0x00, 0x00, 0x00, 0x00, 0x00, 0x00, 0x00, 0x00, 0x00, 0x00, 0x00,
    0x00, 0x00, 0x00, 0x00, 0x00, 0x00, 0x00, 0x00, 0x00, 0x00, 0x00, 0x00,
    0x00, 0x00, 0x00, 0x00, 0x00, 0x00, 0x00, 0x00, 0x00, 0x00, 0x00, 0x00,
    0x00, 0x00, 0x00, 0x00, 0x00, 0x00, 0x00, 0x00, 0x00, 0x00, 0x00, 0x00,
    0x00, 0x00, 0x00, 0x00, 0x00, 0x00, 0x00, 0x00, 0x00, 0x00, 0x00, 0x00,
    0x00, 0x00, 0x00, 0x00, 0x00, 0x00, 0x00, 0x00, 0x00, 0x00, 0x00, 0x00,
    0x00, 0x00, 0x00, 0x00, 0x00, 0x00, 0x00, 0x00, 0x00, 0x00, 0x00, 0x00,
    0x00, 0x00, 0x00, 0x00, 0x00, 0x00, 0x00, 0x00, 0x00, 0x00, 0x00, 0x00,
    0x00, 0x00, 0x00, 0x00, 0x00, 0x00, 0x00, 0x00, 0x00, 0x00, 0x00, 0x00,
    0x00, 0x00, 0x00, 0x00, 0x00, 0x00, 0x00, 0x00, 0x00, 0x00, 0x00, 0x00,
    0x00, 0x00, 0x00, 0x00, 0x00, 0x00, 0x00, 0x00, 0x00, 0x00, 0x00, 0x00,
    0x00, 0x00, 0x00, 0x00, 0x00, 0x00, 0x00, 0x00, 0x00, 0x00, 0x00, 0x00,
    0x00, 0x00, 0x00, 0x00, 0x00, 0x00, 0x00, 0x00, 0x00, 0x00, 0x00, 0x00,
    0x00, 0x00, 0x00, 0x00, 0x00, 0x00, 0x00, 0x00, 0x00, 0x00, 0x00, 0x00,
    0x00, 0x00, 0x00, 0x00, 0x00, 0x00, 0x00, 0x00, 0x00, 0x00, 0x00, 0x00,
    0x00, 0x00, 0x00, 0x00, 0x00, 0x00, 0x00, 0x00, 0x00, 0x00, 0x00, 0x00,
    0x00, 0x00, 0x00, 0x00, 0x00, 0x00, 0x00, 0x00, 0x00, 0x00, 0x00, 0x00,
    0x00, 0x00, 0x00, 0x00, 0x00, 0x00, 0x00, 0x00, 0x00, 0x00, 0x00, 0x00,
    0x00, 0x00, 0x00, 0x00, 0x00, 0x00, 0x00, 0x00, 0x00, 0x00, 0x00, 0x00,
    0x00, 0x00, 0x00, 0x00, 0x00, 0x00, 0x00, 0x00, 0x00, 0x00, 0x00, 0x00,
    0x00, 0x00, 0x00, 0x00, 0x00, 0x00, 0x00, 0x00, 0x00, 0x00, 0x00, 0x00,
    0x00, 0x00, 0x00, 0x00, 0x00, 0x00, 0x00, 0x00, 0x00, 0x00, 0x00, 0x00,
    0x00, 0x00, 0x00, 0x00, 0x00, 0x00, 0x00, 0x00, 0x00, 0x00, 0x00, 0x00,
    0x00, 0x00, 0x00, 0x00, 0x00, 0x00, 0x00, 0x00, 0x00, 0x00, 0x00, 0x00,
    0x00, 0x00, 0x00, 0x00, 0x00, 0x00, 0x00, 0x00, 0x00, 0x00, 0x00, 0x00,
    0x00, 0x00, 0x00, 0x00, 0x00, 0x00, 0x00, 0x00, 0x00, 0x00, 0x00, 0x00,
    0x00, 0x00, 0x00, 0x00, 0x00, 0x00, 0x00, 0x00, 0x00, 0x00, 0x00, 0x00,
    0x00, 0x00, 0x00, 0x00, 0x00, 0x00, 0x00, 0x00, 0x00, 0x00, 0x00, 0x00,
    0x00, 0x00, 0x00, 0x00, 0x00, 0x00, 0x00, 0x00, 0x00, 0x00, 0x00, 0x00,
    0x00, 0x00, 0x00, 0x00, 0x00, 0x00, 0x00, 0x00, 0x00, 0x00, 0x00, 0x00,
    0x00, 0x00, 0x00, 0x00, 0x00, 0x00, 0x00, 0x00, 0x00, 0x00, 0x00, 0x00,
    0x00, 0x00, 0x00, 0x00, 0x00, 0x00, 0x00, 0x00, 0x00, 0x00, 0x00, 0x00,
    0x00, 0x00, 0x00, 0x00, 0x00, 0x00, 0x00, 0x00, 0x00, 0x00, 0x00, 0x00,
    0x00, 0x00, 0x00, 0x00, 0x00, 0x00, 0x00, 0x00, 0x00, 0x00, 0x00, 0x00,
    0x00, 0x00, 0x00, 0x00, 0x00, 0x00, 0x00, 0x00, 0x00, 0x00, 0x00, 0x00,
    0x00, 0x00, 0x00, 0x00, 0x00, 0x00, 0x00, 0x00, 0x00, 0x00, 0x00, 0x00,
    0x00, 0x00, 0x00, 0x00, 0x00, 0x00, 0x00, 0x00, 0x00, 0x00, 0x00, 0x00,
    0x00, 0x00, 0x00, 0x00, 0x00, 0x00, 0x00, 0x00, 0x00, 0x00, 0x00, 0x00,
    0x00, 0x00, 0x00, 0x00, 0x00, 0x00, 0x00, 0x00, 0x00, 0x00, 0x00, 0x00,
    0x00, 0x00, 0x00, 0x00, 0x00, 0x00, 0x00, 0x00, 0x00, 0x00, 0x00, 0x00,
    0x00, 0x00, 0x00, 0x00, 0x00, 0x00, 0x00, 0x00, 0x00, 0x00, 0x00, 0x00,
    0x00, 0x00, 0x00, 0x00, 0x00, 0x00, 0x00, 0x00, 0x00, 0x00, 0x00, 0x00,
    0x00, 0x00, 0x00, 0x00, 0x00, 0x00, 0x00, 0x00, 0x00, 0x00, 0x00, 0x00,
    0x00, 0x00, 0x00, 0x00, 0x00, 0x00, 0x00, 0x00, 0x00, 0x00, 0x00, 0x00,
    0x00, 0x00, 0x00, 0x00, 0x00, 0x00, 0x00, 0x00, 0x00, 0x00, 0x00, 0x00,
    0x00, 0x00, 0x00, 0x00, 0x00, 0x00, 0x00, 0x00, 0x00, 0x00, 0x00, 0x00,
    0x00, 0x00, 0x00, 0x00, 0x00, 0x00, 0x00, 0x00, 0x00, 0x00, 0x00, 0x00,
    0x00, 0x00, 0x00, 0x00, 0x00, 0x00, 0x00, 0x00, 0x00, 0x00, 0x00, 0x00,
    0x00, 0x00, 0x00, 0x00, 0x00, 0x00, 0x00, 0x00, 0x00, 0x00, 0x00, 0x00,
    0x00, 0x00, 0x00, 0x00, 0x00, 0x00, 0x00, 0x00, 0x00, 0x00, 0x00, 0x00,
    0x00, 0x00, 0x00, 0x00, 0x00, 0x00, 0x00, 0x00, 0x00, 0x00, 0x00, 0x00,
    0x00, 0x00, 0x00, 0x00, 0x00, 0x00, 0x00, 0x00, 0x00, 0x00, 0x00, 0x00,
    0x00, 0x00, 0x00, 0x00, 0x00, 0x00, 0x00, 0x00, 0x00, 0x00, 0x00, 0x00,
    0x00, 0x00, 0x00, 0x00, 0x00, 0x00, 0x00, 0x00, 0x00, 0x00, 0x00, 0x00,
    0x00, 0x00, 0x00, 0x00, 0x00, 0x00, 0x00, 0x00, 0x00, 0x00, 0x00, 0x00,
    0x00, 0x00, 0x00, 0x00, 0x00, 0x00, 0x00, 0x00, 0x00, 0x00, 0x00, 0x00,
    0x00, 0x00, 0x00, 0x00, 0x00, 0x00, 0x00, 0x00, 0x00, 0x00, 0x00, 0x00,
    0x00, 0x00, 0x00, 0x00, 0x00, 0x00, 0x00, 0x00, 0x00, 0x00, 0x00, 0x00,
    0x00, 0x00, 0x00, 0x00, 0x00, 0x00, 0x00, 0x00, 0x00, 0x00, 0x00, 0x00,
    0x00, 0x00, 0x00, 0x00, 0x00, 0x00, 0x00, 0x00, 0x00, 0x00, 0x00, 0x00,
    0x00, 0x00, 0x00, 0x00, 0x00, 0x00, 0x00, 0x00, 0x00, 0x00, 0x00, 0x00,
    0x00, 0x00, 0x00, 0x00, 0x00, 0x00, 0x00, 0x00, 0x00, 0x00, 0x00, 0x00,
    0x00, 0x00, 0x00, 0x00, 0x00, 0x00, 0x00, 0x00, 0x00, 0x00, 0x00, 0x00,
    0x00, 0x00, 0x00, 0x00, 0x00, 0x00, 0x00, 0x00, 0x00, 0x00, 0x00, 0x00,
    0x00, 0x00, 0x00, 0x00, 0x00, 0x00, 0x00, 0x00, 0x00, 0x00, 0x00, 0x00,
    0x00, 0x00, 0x00, 0x00, 0x00, 0x00, 0x00, 0x00, 0x00, 0x00, 0x00, 0x00,
    0x00, 0x00, 0x00, 0x00, 0x00, 0x00, 0x00, 0x00, 0x00, 0x00, 0x00, 0x00,
    0x00, 0x00, 0x00, 0x00, 0x00, 0x00, 0x00, 0x00, 0x00, 0x00, 0x00, 0x00,
    0x00, 0x00, 0x00, 0x00, 0x00, 0x00, 0x00, 0x00, 0x00, 0x00, 0x00, 0x00,
    0x00, 0x00, 0x00, 0x00, 0x00, 0x00, 0x00, 0x00, 0x00, 0x00, 0x00, 0x00,
    0x00, 0x00, 0x00, 0x00, 0x00, 0x00, 0x00, 0x00, 0x00, 0x00, 0x00, 0x00,
    0x00, 0x00, 0x00, 0x00, 0x00, 0x00, 0x00, 0x00, 0x00, 0x00, 0x00, 0x00,
    0x00, 0x00, 0x00, 0x00, 0x00, 0x00, 0x00, 0x00, 0x00, 0x00, 0x00, 0x00,
    0x00, 0x00, 0x00, 0x00, 0x00, 0x00, 0x00, 0x00, 0x00, 0x00, 0x00, 0x00,
    0x00, 0x00, 0x00, 0x00, 0x00, 0x00, 0x00, 0x00, 0x00, 0x00, 0x00, 0x00,
    0x00, 0x00, 0x00, 0x00, 0x00, 0x00, 0x00, 0x00, 0x00, 0x00, 0x00, 0x00,
    0x00, 0x00, 0x00, 0x00, 0x00, 0x00, 0x00, 0x00, 0x00, 0x00, 0x00, 0x00,
    0x00, 0x00, 0x00, 0x00, 0x00, 0x00, 0x00, 0x00, 0x00, 0x00, 0x00, 0x00,
    0x00, 0x00, 0x00, 0x00, 0x00, 0x00, 0x00, 0x00, 0x00, 0x00, 0x00, 0x00,
    0x00, 0x00, 0x00, 0x00, 0x00, 0x00, 0x00, 0x00, 0x00, 0x00, 0x00, 0x00,
    0x00, 0x00, 0x00, 0x00, 0x00, 0x00, 0x00, 0x00, 0x00, 0x00, 0x00, 0x00,
    0x00, 0x00, 0x00, 0x00, 0x00, 0x00, 0x00, 0x00, 0x00, 0x00, 0x00, 0x00,
    0x00, 0x00, 0x00, 0x00, 0x00, 0x00, 0x00, 0x00, 0x00, 0x00, 0x00, 0x00,
    0x00, 0x00, 0x00, 0x00, 0x00, 0x00, 0x00, 0x00, 0x00, 0x00, 0x00, 0x00,
    0x00, 0x00, 0x00, 0x00, 0x00, 0x00, 0x00, 0x00, 0x00, 0x00, 0x00, 0x00,
    0x00, 0x00, 0x00, 0x00, 0x00, 0x00, 0x00, 0x00, 0x00, 0x00, 0x00, 0x00,
    0x00, 0x00, 0x00, 0x00, 0x00, 0x00, 0x00, 0x00, 0x00, 0x00, 0x00, 0x00,
    0x00, 0x00, 0x00, 0x00, 0x00, 0x00, 0x00, 0x00, 0x00, 0x00, 0x00, 0x00,
    0x00, 0x00, 0x00, 0x00, 0x00, 0x00, 0x00, 0x00, 0x00, 0x00, 0x00, 0x00,
    0x00, 0x00, 0x00, 0x00, 0x00, 0x00, 0x00, 0x00, 0x00, 0x00, 0x00, 0x00,
    0x00, 0x00, 0x00, 0x00, 0x00, 0x00, 0x00, 0x00, 0x00, 0x00, 0x00, 0x00,
    0x00, 0x00, 0x00, 0x00, 0x00, 0x00, 0x00, 0x00, 0x00, 0x00, 0x00, 0x00,
    0x00, 0x00, 0x00, 0x00, 0x00, 0x00, 0x00, 0x00, 0x00, 0x00, 0x00, 0x00,
    0x00, 0x00, 0x00, 0x00, 0x00, 0x00, 0x00, 0x00, 0x00, 0x00, 0x00, 0x00,
    0x00, 0x00, 0x00, 0x00, 0x00, 0x00, 0x00, 0x00, 0x00, 0x00, 0x00, 0x00,
    0x00, 0x00, 0x00, 0x00, 0x00, 0x00, 0x00, 0x00, 0x00, 0x00, 0x00, 0x00,
    0x00, 0x00, 0x00, 0x00, 0x00, 0x00, 0x00, 0x00, 0x00, 0x00, 0x00, 0x00,
    0x00, 0x00, 0x00, 0x00, 0x00, 0x00, 0x00, 0x00, 0x00, 0x00, 0x00, 0x00,
    0x00, 0x00, 0x00, 0x00, 0x00, 0x00, 0x00, 0x00, 0x00, 0x00, 0x00, 0x00,
    0x00, 0x00, 0x00, 0x00, 0x00, 0x00, 0x00, 0x00, 0x00, 0x00, 0x00, 0x00,
    0x00, 0x00, 0x00, 0x00, 0x00, 0x00, 0x00, 0x00, 0x00, 0x00, 0x00, 0x00,
    0x00, 0x00, 0x00, 0x00, 0x00, 0x00, 0x00, 0x00, 0x00, 0x00, 0x00, 0x00,
    0x00, 0x00, 0x00, 0x00, 0x00, 0x00, 0x00, 0x00, 0x00, 0x00, 0x00, 0x00,
    0x00, 0x00, 0x00, 0x00, 0x00, 0x00, 0x00, 0x00, 0x00, 0x00, 0x00, 0x00,
    0x00, 0x00, 0x00, 0x00, 0x00, 0x00, 0x00, 0x00, 0x00, 0x00, 0x00, 0x00,
    0x00, 0x00, 0x00, 0x00, 0x00, 0x00, 0x00, 0x00, 0x00, 0x00, 0x00, 0x00,
    0x00, 0x00, 0x00, 0x00, 0x00, 0x00, 0x00, 0x00, 0x00, 0x00, 0x00, 0x00,
    0x00, 0x00, 0x00, 0x00, 0x00, 0x00, 0x00, 0x00, 0x00, 0x00, 0x00, 0x00,
    0x00, 0x00, 0x00, 0x00, 0x00, 0x00, 0x00, 0x00, 0x00, 0x00, 0x00, 0x00,
    0x00, 0x00, 0x00, 0x00, 0x00, 0x00, 0x00, 0x00, 0x00, 0x00, 0x00, 0x00,
    0x00, 0x00, 0x00, 0x00, 0x00, 0x00, 0x00, 0x00, 0x00, 0x00, 0x00, 0x00,
    0x00, 0x00, 0x00, 0x00, 0x00, 0x00, 0x00, 0x00, 0x00, 0x00, 0x00, 0x00,
    0x00, 0x00, 0x00, 0x00, 0x00, 0x00, 0x00, 0x00, 0x00, 0x00, 0x00, 0x00,
    0x00, 0x00, 0x00, 0x00, 0x00, 0x00, 0x00, 0x00, 0x00, 0x00, 0x00, 0x00,
    0x00, 0x00, 0x00, 0x00, 0x00, 0x00, 0x00, 0x00, 0x00, 0x00, 0x00, 0x00,
    0x00, 0x00, 0x00, 0x00, 0x00, 0x00, 0x00, 0x00, 0x00, 0x00, 0x00, 0x00,
    0x00, 0x00, 0x00, 0x00, 0x00, 0x00, 0x00, 0x00, 0x00, 0x00, 0x00, 0x00,
    0x00, 0x00, 0x00, 0x00, 0x00, 0x00, 0x00, 0x00, 0x00, 0x00, 0x00, 0x00,
    0x00, 0x00, 0x00, 0x00, 0x00, 0x00, 0x00, 0x00, 0x00, 0x00, 0x00, 0x00,
    0x00, 0x00, 0x00, 0x00, 0x00, 0x00, 0x00, 0x00, 0x00, 0x00, 0x00, 0x00,
    0x00, 0x00, 0x00, 0x00, 0x00, 0x00, 0x00, 0x00, 0x00, 0x00, 0x00, 0x00,
    0x00, 0x00, 0x00, 0x00, 0x00, 0x00, 0x00, 0x00, 0x00, 0x00, 0x00, 0x00,
    0x00, 0x00, 0x00, 0x00, 0x00, 0x00, 0x00, 0x00, 0x00, 0x00, 0x00, 0x00,
    0x00, 0x00, 0x00, 0x00, 0x00, 0x00, 0x00, 0x00, 0x00, 0x00, 0x00, 0x00,
    0x00, 0x00, 0x00, 0x00, 0x00, 0x00, 0x00, 0x00, 0x00, 0x00, 0x00, 0x00,
    0x00, 0x00, 0x00, 0x00, 0x00, 0x00, 0x00, 0x00, 0x00, 0x00, 0x00, 0x00,
    0x00, 0x00, 0x00, 0x00, 0x00, 0x00, 0x00, 0x00, 0x00, 0x00, 0x00, 0x00,
    0x00, 0x00, 0x00, 0x00, 0x00, 0x00, 0x00, 0x00, 0x00, 0x00, 0x00, 0x00,
    0x00, 0x00, 0x00, 0x00, 0x00, 0x00, 0x00, 0x00, 0x00, 0x00, 0x00, 0x00,
    0x00, 0x00, 0x00, 0x00, 0x00, 0x00, 0x00, 0x00, 0x00, 0x00, 0x00, 0x00,
    0x00, 0x00, 0x00, 0x00, 0x00, 0x00, 0x00, 0x00, 0x00, 0x00, 0x00, 0x00,
    0x00, 0x00, 0x00, 0x00, 0x00, 0x00, 0x00, 0x00, 0x00, 0x00, 0x00, 0x00,
    0x00, 0x00, 0x00, 0x00, 0x00, 0x00, 0x00, 0x00, 0x00, 0x00, 0x00, 0x00,
    0x00, 0x00, 0x00, 0x00, 0x00, 0x00, 0x00, 0x00, 0x00, 0x00, 0x00, 0x00,
    0x00, 0x00, 0x00, 0x00, 0x00, 0x00, 0x00, 0x00, 0x00, 0x00, 0x00, 0x00,
    0x00, 0x00, 0x00, 0x00, 0x00, 0x00, 0x00, 0x00, 0x00, 0x00, 0x00, 0x00,
    0x00, 0x00, 0x00, 0x00, 0x00, 0x00, 0x00, 0x00, 0x00, 0x00, 0x00, 0x00,
    0x00, 0x00, 0x00, 0x00, 0x00, 0x00, 0x00, 0x00, 0x00, 0x00, 0x00, 0x00,
    0x00, 0x00, 0x00, 0x00, 0x00, 0x00, 0x00, 0x00, 0x00, 0x00, 0x00, 0x00,
    0x00, 0x00, 0x00, 0x00, 0x00, 0x00, 0x00, 0x00, 0x00, 0x00, 0x00, 0x00,
    0x00, 0x00, 0x00, 0x00, 0x00, 0x00, 0x00, 0x00, 0x00, 0x00, 0x00, 0x00,
    0x00, 0x00, 0x00, 0x00, 0x00, 0x00, 0x00, 0x00, 0x00, 0x00, 0x00, 0x00,
    0x00, 0x00, 0x00, 0x00, 0x00, 0x00, 0x00, 0x00, 0x00, 0x00, 0x00, 0x00,
    0x00, 0x00, 0x00, 0x00, 0x00, 0x00, 0x00, 0x00, 0x00, 0x00, 0x00, 0x00,
    0x00, 0x00, 0x00, 0x00, 0x00, 0x00, 0x00, 0x00, 0x00, 0x00, 0x00, 0x00,
    0x00, 0x00, 0x00, 0x00, 0x00, 0x00, 0x00, 0x00, 0x00, 0x00, 0x00, 0x00,
    0x00, 0x00, 0x00, 0x00, 0x00, 0x00, 0x00, 0x00, 0x00, 0x00, 0x00, 0x00,
    0x00, 0x00, 0x00, 0x00, 0x00, 0x00, 0x00, 0x00, 0x00, 0x00, 0x00, 0x00,
    0x00, 0x00, 0x00, 0x00, 0x00, 0x00, 0x00, 0x00, 0x00, 0x00, 0x00, 0x00,
    0x00, 0x00, 0x00, 0x00, 0x00, 0x00, 0x00, 0x00, 0x00, 0x00, 0x00, 0x00,
    0x00, 0x00, 0x00, 0x00, 0x00, 0x00, 0x00, 0x00, 0x00, 0x00, 0x00, 0x00,
    0x00, 0x00, 0x00, 0x00, 0x00, 0x00, 0x00, 0x00, 0x00, 0x00, 0x00, 0x00,
    0x00, 0x00, 0x00, 0x00, 0x00, 0x00, 0x00, 0x00, 0x00, 0x00, 0x00, 0x00,
    0x00, 0x00, 0x00, 0x00, 0x00, 0x00, 0x00, 0x00, 0x00, 0x00, 0x00, 0x00,
    0x00, 0x00, 0x00, 0x00, 0x00, 0x00, 0x00, 0x00, 0x00, 0x00, 0x00, 0x00,
    0x00, 0x00, 0x00, 0x00, 0x00, 0x00, 0x00, 0x00, 0x00, 0x00, 0x00, 0x00,
    0x00, 0x00, 0x00, 0x00, 0x00, 0x00, 0x00, 0x00, 0x00, 0x00, 0x00, 0x00,
    0x00, 0x00, 0x00, 0x00, 0x00, 0x00, 0x00, 0x00, 0x00, 0x00, 0x00, 0x00,
    0x00, 0x00, 0x00, 0x00, 0x00, 0x00, 0x00, 0x00, 0x00, 0x00, 0x00, 0x00,
    0x00, 0x00, 0x00, 0x00, 0x00, 0x00, 0x00, 0x00, 0x00, 0x00, 0x00, 0x00,
    0x00, 0x00, 0x00, 0x00, 0x00, 0x00, 0x00, 0x00, 0x00, 0x00, 0x00, 0x00,
    0x00, 0x00, 0x00, 0x00, 0x00, 0x00, 0x00, 0x00, 0x00, 0x00, 0x00, 0x00,
    0x00, 0x00, 0x00, 0x00, 0x00, 0x00, 0x00, 0x00, 0x00, 0x00, 0x00, 0x00,
    0x00, 0x00, 0x00, 0x00, 0x00, 0x00, 0x00, 0x00, 0x00, 0x00, 0x00, 0x00,
    0x00, 0x00, 0x00, 0x00, 0x00, 0x00, 0x00, 0x00, 0x00, 0x00, 0x00, 0x00,
    0x00, 0x00, 0x00, 0x00, 0x00, 0x00, 0x00, 0x00, 0x00, 0x00, 0x00, 0x00,
    0x00, 0x00, 0x00, 0x00, 0x00, 0x00, 0x00, 0x00, 0x00, 0x00, 0x00, 0x00,
    0x00, 0x00, 0x00, 0x00, 0x00, 0x00, 0x00, 0x00, 0x00, 0x00, 0x00, 0x00,
    0x00, 0x00, 0x00, 0x00, 0x00, 0x00, 0x00, 0x00, 0x00, 0x00, 0x00, 0x00,
    0x00, 0x00, 0x00, 0x00, 0x00, 0x00, 0x00, 0x00, 0x00, 0x00, 0x00, 0x00,
    0x00, 0x00, 0x00, 0x00, 0x00, 0x00, 0x00, 0x00, 0x00, 0x00, 0x00, 0x00,
    0x00, 0x00, 0x00, 0x00, 0x00, 0x00, 0x00, 0x00, 0x00, 0x00, 0x00, 0x00,
    0x00, 0x00, 0x00, 0x00, 0x00, 0x00, 0x00, 0x00, 0x00, 0x00, 0x00, 0x00,
    0x00, 0x00, 0x00, 0x00, 0x00, 0x00, 0x00, 0x00, 0x00, 0x00, 0x00, 0x00,
    0x00, 0x00, 0x00, 0x00, 0x00, 0x00, 0x00, 0x00, 0x00, 0x00, 0x00, 0x00,
    0x00, 0x00, 0x00, 0x00, 0x00, 0x00, 0x00, 0x00, 0x00, 0x00, 0x00, 0x00,
    0x00, 0x00, 0x00, 0x00, 0x00, 0x00, 0x00, 0x00, 0x00, 0x00, 0x00, 0x00,
    0x00, 0x00, 0x00, 0x00, 0x00, 0x00, 0x00, 0x00, 0x00, 0x00, 0x00, 0x00,
    0x00, 0x00, 0x00, 0x00, 0x00, 0x00, 0x00, 0x00, 0x00, 0x00, 0x00, 0x00,
    0x00, 0x00, 0x00, 0x00, 0x00, 0x00, 0x00, 0x00, 0x00, 0x00, 0x00, 0x00,
    0x00, 0x00, 0x00, 0x00, 0x00, 0x00, 0x00, 0x00, 0x00, 0x00, 0x00, 0x00,
    0x00, 0x00, 0x00, 0x00, 0x00, 0x00, 0x00, 0x00, 0x00, 0x00, 0x00, 0x00,
    0x00, 0x00, 0x00, 0x00, 0x00, 0x00, 0x00, 0x00, 0x00, 0x00, 0x00, 0x00,
    0x00, 0x00, 0x00, 0x00, 0x00, 0x00, 0x00, 0x00, 0x00, 0x00, 0x00, 0x00,
    0x00, 0x00, 0x00, 0x00, 0x00, 0x00, 0x00, 0x00, 0x00, 0x00, 0x00, 0x00,
    0x00, 0x00, 0x00, 0x00, 0x00, 0x00, 0x00, 0x00, 0x00, 0x00, 0x00, 0x00,
    0x00, 0x00, 0x00, 0x00, 0x00, 0x00, 0x00, 0x00, 0x00, 0x00, 0x00, 0x00,
    0x00, 0x00, 0x00, 0x00, 0x00, 0x00, 0x00, 0x00, 0x00, 0x00, 0x00, 0x00,
    0x00, 0x00, 0x00, 0x00, 0x00, 0x00, 0x00, 0x00, 0x00, 0x00, 0x00, 0x00,
    0x00, 0x00, 0x00, 0x00, 0x00, 0x00, 0x00, 0x00, 0x00, 0x00, 0x00, 0x00,
    0x00, 0x00, 0x00, 0x00, 0x00, 0x00, 0x00, 0x00, 0x00, 0x00, 0x00, 0x00,
    0x00, 0x00, 0x00, 0x00, 0x00, 0x00, 0x00, 0x00, 0x00, 0x00, 0x00, 0x00,
    0x00, 0x00, 0x00, 0x00, 0x00, 0x00, 0x00, 0x00, 0x00, 0x00, 0x00, 0x00,
    0x00, 0x00, 0x00, 0x00, 0x00, 0x00, 0x00, 0x00, 0x00, 0x00, 0x00, 0x00,
    0x00, 0x00, 0x00, 0x00, 0x00, 0x00, 0x00, 0x00, 0x00, 0x00, 0x00, 0x00,
    0x00, 0x00, 0x00, 0x00, 0x00, 0x00, 0x00, 0x00, 0x00, 0x00, 0x00, 0x00,
    0x00, 0x00, 0x00, 0x00, 0x00, 0x00, 0x00, 0x00, 0x00, 0x00, 0x00, 0x00,
    0x00, 0x00, 0x00, 0x00, 0x00, 0x00, 0x00, 0x00, 0x00, 0x00, 0x00, 0x00,
    0x00, 0x00, 0x00, 0x00, 0x00, 0x00, 0x00, 0x00, 0x00, 0x00, 0x00, 0x00,
    0x00, 0x00, 0x00, 0x00, 0x00, 0x00, 0x00, 0x00, 0x00, 0x00, 0x00, 0x00,
    0x00, 0x00, 0x00, 0x00, 0x00, 0x00, 0x00, 0x00, 0x00, 0x00, 0x00, 0x00,
    0x00, 0x00, 0x00, 0x00, 0x00, 0x00, 0x00, 0x00, 0x00, 0x00, 0x00, 0x00,
    0x00, 0x00, 0x00, 0x00, 0x00, 0x00, 0x00, 0x00, 0x00, 0x00, 0x00, 0x00,
    0x00, 0x00, 0x00, 0x00, 0x00, 0x00, 0x00, 0x00, 0x00, 0x00, 0x00, 0x00,
    0x00, 0x00, 0x00, 0x00, 0x00, 0x00, 0x00, 0x00, 0x00, 0x00, 0x00, 0x00,
    0x00, 0x00, 0x00, 0x00, 0x00, 0x00, 0x00, 0x00, 0x00, 0x00, 0x00, 0x00,
    0x00, 0x00, 0x00, 0x00, 0x00, 0x00, 0x00, 0x00, 0x00, 0x00, 0x00, 0x00,
    0x00, 0x00, 0x00, 0x00, 0x00, 0x00, 0x00, 0x00, 0x00, 0x00, 0x00, 0x00,
    0x00, 0x00, 0x00, 0x00, 0x00, 0x00, 0x00, 0x00, 0x00, 0x00, 0x00, 0x00,
    0x00, 0x00, 0x00, 0x00, 0x00, 0x00, 0x00, 0x00, 0x00, 0x00, 0x00, 0x00,
    0x00, 0x00, 0x00, 0x00, 0x00, 0x00, 0x00, 0x00, 0x00, 0x00, 0x00, 0x00,
    0x00, 0x00, 0x00, 0x00, 0x00, 0x00, 0x00, 0x00, 0x00, 0x00, 0x00, 0x00,
    0x00, 0x00, 0x00, 0x00, 0x00, 0x00, 0x00, 0x00, 0x00, 0x00, 0x00, 0x00,
    0x00, 0x00, 0x00, 0x00, 0x00, 0x00, 0x00, 0x00, 0x00, 0x00, 0x00, 0x00,
    0x00, 0x00, 0x00, 0x00, 0x00, 0x00, 0x00, 0x00, 0x00, 0x00, 0x00, 0x00,
    0x00, 0x00, 0x00, 0x00, 0x00, 0x00, 0x00, 0x00, 0x00, 0x00, 0x00, 0x00,
    0x00, 0x00, 0x00, 0x00, 0x00, 0x00, 0x00, 0x00, 0x00, 0x00, 0x00, 0x00,
    0x00, 0x00, 0x00, 0x00, 0x00, 0x00, 0x00, 0x00, 0x00, 0x00, 0x00, 0x00,
    0x00, 0x00, 0x00, 0x00, 0x00, 0x00, 0x00, 0x00, 0x00, 0x00, 0x00, 0x00,
    0x00, 0x00, 0x00, 0x00, 0x00, 0x00, 0x00, 0x00, 0x00, 0x00, 0x00, 0x00,
    0x00, 0x00, 0x00, 0x00, 0x00, 0x00, 0x00, 0x00, 0x00, 0x00, 0x00, 0x00,
    0x00, 0x00, 0x00, 0x00, 0x00, 0x00, 0x00, 0x00, 0x00, 0x00, 0x00, 0x00,
    0x00, 0x00, 0x00, 0x00, 0x00, 0x00, 0x00, 0x00, 0x00, 0x00, 0x00, 0x00,
    0x00, 0x00, 0x00, 0x00, 0x00, 0x00, 0x00, 0x00, 0x00, 0x00, 0x00, 0x00,
    0x00, 0x00, 0x00, 0x00, 0x00, 0x00, 0x00, 0x00, 0x00, 0x00, 0x00, 0x00,
    0x00, 0x00, 0x00, 0x00, 0x00, 0x00, 0x00, 0x00, 0x00, 0x00, 0x00, 0x00,
    0x00, 0x00, 0x00, 0x00, 0x00, 0x00, 0x00, 0x00, 0x00, 0x00, 0x00, 0x00,
    0x00, 0x00, 0x00, 0x00, 0x00, 0x00, 0x00, 0x00, 0x00, 0x00, 0x00, 0x00,
    0x00, 0x00, 0x00, 0x00, 0x00, 0x00, 0x00, 0x00, 0x00, 0x00, 0x00, 0x00,
    0x00, 0x00, 0x00, 0x00, 0x00, 0x00, 0x00, 0x00, 0x00, 0x00, 0x00, 0x00,
    0x00, 0x00, 0x00, 0x00, 0x00, 0x00, 0x00, 0x00, 0x00, 0x00, 0x00, 0x00,
    0x00, 0x00, 0x00, 0x00, 0x00, 0x00, 0x00, 0x00, 0x00, 0x00, 0x00, 0x00,
    0x00, 0x00, 0x00, 0x00, 0x00, 0x00, 0x00, 0x00, 0x00, 0x00, 0x00, 0x00,
    0x00, 0x00, 0x00, 0x00, 0x00, 0x00, 0x00, 0x00, 0x00, 0x00, 0x00, 0x00,
    0x00, 0x00, 0x00, 0x00, 0x00, 0x00, 0x00, 0x00, 0x00, 0x00, 0x00, 0x00,
    0x00, 0x00, 0x00, 0x00, 0x00, 0x00, 0x00, 0x00, 0x00, 0x00, 0x00, 0x00,
    0x00, 0x00, 0x00, 0x00, 0x00, 0x00, 0x00, 0x00, 0x00, 0x00, 0x00, 0x00,
    0x00, 0x00, 0x00, 0x00, 0x00, 0x00, 0x00, 0x00, 0x00, 0x00, 0x00, 0x00,
    0x00, 0x00, 0x00, 0x00, 0x00, 0x00, 0x00, 0x00, 0x00, 0x00, 0x00, 0x00,
    0x00, 0x00, 0x00, 0x00, 0x00, 0x00, 0x00, 0x00, 0x00, 0x00, 0x00, 0x00,
    0x00, 0x00, 0x00, 0x00, 0x00, 0x00, 0x00, 0x00, 0x00, 0x00, 0x00, 0x00,
    0x00, 0x00, 0x00, 0x00, 0x00, 0x00, 0x00, 0x00, 0x00, 0x00, 0x00, 0x00,
    0x00, 0x00, 0x00, 0x00, 0x00, 0x00, 0x00, 0x00, 0x00, 0x00, 0x00, 0x00,
    0x00, 0x00, 0x00, 0x00, 0x00, 0x00, 0x00, 0x00, 0x00, 0x00, 0x00, 0x00,
    0x00, 0x00, 0x00, 0x00, 0x00, 0x00, 0x00, 0x00, 0x00, 0x00, 0x00, 0x00,
    0x00, 0x00, 0x00, 0x00, 0x00, 0x00, 0x00, 0x00, 0x00, 0x00, 0x00, 0x00,
    0x00, 0x00, 0x00, 0x00, 0x00, 0x00, 0x00, 0x00, 0x00, 0x00, 0x00, 0x00,
    0x00, 0x00, 0x00, 0x00, 0x00, 0x00, 0x00, 0x00, 0x00, 0x00, 0x00, 0x00,
    0x00, 0x00, 0x00, 0x00, 0x00, 0x00, 0x00, 0x00, 0x00, 0x00, 0x00, 0x00,
    0x00, 0x00, 0x00, 0x00, 0x00, 0x00, 0x00, 0x00, 0x00, 0x00, 0x00, 0x00,
    0x00, 0x00, 0x00, 0x00, 0x00, 0x00, 0x00, 0x00, 0x00, 0x00, 0x00, 0x00,
    0x00, 0x00, 0x00, 0x00, 0x00, 0x00, 0x00, 0x00, 0x00, 0x00, 0x00, 0x00,
    0x00, 0x00, 0x00, 0x00, 0x00, 0x00, 0x00, 0x00, 0x00, 0x00, 0x00, 0x00,
    0x00, 0x00, 0x00, 0x00, 0x00, 0x00, 0x00, 0x00, 0x00, 0x00, 0x00, 0x00,
    0x00, 0x00, 0x00, 0x00, 0x00, 0x00, 0x00, 0x00, 0x00, 0x00, 0x00, 0x00,
    0x00, 0x00, 0x00, 0x00, 0x00, 0x00, 0x00, 0x00, 0x00, 0x00, 0x00, 0x00,
    0x00, 0x00, 0x00, 0x00, 0x00, 0x00, 0x00, 0x00, 0x00, 0x00, 0x00, 0x00,
    0x00, 0x00, 0x00, 0x00, 0x00, 0x00, 0x00, 0x00, 0x00, 0x00, 0x00, 0x00,
    0x00, 0x00, 0x00, 0x00, 0x00, 0x00, 0x00, 0x00, 0x00, 0x00, 0x00, 0x00,
    0x00, 0x00, 0x00, 0x00, 0x00, 0x00, 0x00, 0x00, 0x00, 0x00, 0x00, 0x00,
    0x00, 0x00, 0x00, 0x00, 0x00, 0x00, 0x00, 0x00, 0x00, 0x00, 0x00, 0x00,
    0x00, 0x00, 0x00, 0x00, 0x00, 0x00, 0x00, 0x00, 0x00, 0x00, 0x00, 0x00,
    0x00, 0x00, 0x00, 0x00, 0x00, 0x00, 0x00, 0x00, 0x00, 0x00, 0x00, 0x00,
    0x00, 0x00, 0x00, 0x00, 0x00, 0x00, 0x00, 0x00, 0x00, 0x00, 0x00, 0x00,
    0x00, 0x00, 0x00, 0x00, 0x00, 0x00, 0x00, 0x00, 0x00, 0x00, 0x00, 0x00,
    0x00, 0x00, 0x00, 0x00, 0x00, 0x00, 0x00, 0x00, 0x00, 0x00, 0x00, 0x00,
    0x00, 0x00, 0x00, 0x00, 0x00, 0x00, 0x00, 0x00, 0x00, 0x00, 0x00, 0x00,
    0x00, 0x00, 0x00, 0x00, 0x00, 0x00, 0x00, 0x00, 0x00, 0x00, 0x00, 0x00,
    0x00, 0x00, 0x00, 0x00, 0x00, 0x00, 0x00, 0x00, 0x00, 0x00, 0x00, 0x00,
    0x00, 0x00, 0x00, 0x00, 0x00, 0x00, 0x00, 0x00, 0x00, 0x00, 0x00, 0x00,
    0x00, 0x00, 0x00, 0x00, 0x00, 0x00, 0x00, 0x00, 0x00, 0x00, 0x00, 0x00,
    0x00, 0x00, 0x00, 0x00, 0x00, 0x00, 0x00, 0x00, 0x00, 0x00, 0x00, 0x00,
    0x00, 0x00, 0x00, 0x00, 0x00, 0x00, 0x00, 0x00, 0x00, 0x00, 0x00, 0x00,
    0x00, 0x00, 0x00, 0x00, 0x00, 0x00, 0x00, 0x00, 0x00, 0x00, 0x00, 0x00,
    0x00, 0x00, 0x00, 0x00, 0x00, 0x00, 0x00, 0x00, 0x00, 0x00, 0x00, 0x00,
    0x00, 0x00, 0x00, 0x00, 0x00, 0x00, 0x00, 0x00, 0x00, 0x00, 0x00, 0x00,
    0x00, 0x00, 0x00, 0x00, 0x00, 0x00, 0x00, 0x00, 0x00, 0x00, 0x00, 0x00,
    0x00, 0x00, 0x00, 0x00, 0x00, 0x00, 0x00, 0x00, 0x00, 0x00, 0x00, 0x00,
    0x00, 0x00, 0x00, 0x00, 0x00, 0x00, 0x00, 0x00, 0x00, 0x00, 0x00, 0x00,
    0x00, 0x00, 0x00, 0x00, 0x00, 0x00, 0x00, 0x00, 0x00, 0x00, 0x00, 0x00,
    0x00, 0x00, 0x00, 0x00, 0x00, 0x00, 0x00, 0x00, 0x00, 0x00, 0x00, 0x00,
    0x00, 0x00, 0x00, 0x00, 0x00, 0x00, 0x00, 0x00, 0x00, 0x00, 0x00, 0x00,
    0x00, 0x00, 0x00, 0x00, 0x00, 0x00, 0x00, 0x00, 0x00, 0x00, 0x00, 0x00,
    0x00, 0x00, 0x00, 0x00, 0x00, 0x00, 0x00, 0x00, 0x00, 0x00, 0x00, 0x00,
    0x00, 0x00, 0x00, 0x00, 0x00, 0x00, 0x00, 0x00, 0x00, 0x00, 0x00, 0x00,
    0x00, 0x00, 0x00, 0x00, 0x00, 0x00, 0x00, 0x00, 0x00, 0x00, 0x00, 0x00,
    0x00, 0x00, 0x00, 0x00, 0x00, 0x00, 0x00, 0x00, 0x00, 0x00, 0x00, 0x00,
    0x00, 0x00, 0x00, 0x00, 0x00, 0x00, 0x00, 0x00, 0x00, 0x00, 0x00, 0x00,
    0x00, 0x00, 0x00, 0x00, 0x00, 0x00, 0x00, 0x00, 0x00, 0x00, 0x00, 0x00,
    0x00, 0x00, 0x00, 0x00, 0x00, 0x00, 0x00, 0x00, 0x00, 0x00, 0x00, 0x00,
    0x00, 0x00, 0x00, 0x00, 0x00, 0x00, 0x00, 0x00, 0x00, 0x00, 0x00, 0x00,
    0x00, 0x00, 0x00, 0x00, 0x00, 0x00, 0x00, 0x00, 0x00, 0x00, 0x00, 0x00,
    0x00, 0x00, 0x00, 0x00, 0x00, 0x00, 0x00, 0x00, 0x00, 0x00, 0x00, 0x00,
    0x00, 0x00, 0x00, 0x00, 0x00, 0x00, 0x00, 0x00, 0x00, 0x00, 0x00, 0x00,
    0x00, 0x00, 0x00, 0x00, 0x00, 0x00, 0x00, 0x00, 0x00, 0x00, 0x00, 0x00,
    0x00, 0x00, 0x00, 0x00, 0x00, 0x00, 0x00, 0x00, 0x00, 0x00, 0x00, 0x00,
    0x00, 0x00, 0x00, 0x00, 0x00, 0x00, 0x00, 0x00, 0x00, 0x00, 0x00, 0x00,
    0x00, 0x00, 0x00, 0x00, 0x00, 0x00, 0x00, 0x00, 0x00, 0x00, 0x00, 0x00,
    0x00, 0x00, 0x00, 0x00, 0x00, 0x00, 0x00, 0x00, 0x00, 0x00, 0x00, 0x00,
    0x00, 0x00, 0x00, 0x00, 0x00, 0x00, 0x00, 0x00, 0x00, 0x00, 0x00, 0x00,
    0x00, 0x00, 0x00, 0x00, 0x13, 0x01, 0x01, 0xfe, 0x23, 0x3c, 0x81, 0x00,
    0x23, 0x38, 0x91, 0x00, 0x23, 0x34, 0x21, 0x01, 0xb7, 0x06, 0x00, 0x80,
    0x9b, 0x86, 0xf6, 0xff, 0xb7, 0x15, 0x01, 0x00, 0x93, 0x85, 0x15, 0x44,
    0x13, 0x06, 0x40, 0x01, 0x93, 0x08, 0x00, 0x04, 0x13, 0x05, 0x10, 0x00,
    0x73, 0x00, 0x00, 0x00, 0xb7, 0x15, 0x01, 0x00, 0x93, 0x85, 0x65, 0x47,
    0x13, 0x06, 0x10, 0x00, 0x93, 0x08, 0x00, 0x04, 0x13, 0x05, 0x10, 0x00,
    0x73, 0x00, 0x00, 0x00, 0x37, 0x15, 0x01, 0x00, 0x13, 0x05, 0x45, 0x43,
    0x93, 0x08, 0x00, 0x40, 0x93, 0x05, 0x00, 0x00, 0x13, 0x06, 0x00, 0x00,
    0x73, 0x00, 0x00, 0x00, 0x93, 0x85, 0x16, 0x00, 0xb3, 0x75, 0xb5, 0x00,
    0x63, 0x86, 0x05, 0x04, 0xb7, 0x15, 0x01, 0x00, 0x93, 0x85, 0x65, 0x45,
    0x13, 0x06, 0xf0, 0x01, 0x93, 0x08, 0x00, 0x04, 0x13, 0x05, 0x10, 0x00,
    0x73, 0x00, 0x00, 0x00, 0xb7, 0x15, 0x01, 0x00, 0x93, 0x85, 0x65, 0x47,
    0x13, 0x06, 0x10, 0x00, 0x93, 0x08, 0x00, 0x04, 0x13, 0x05, 0x10, 0x00,
    0x73, 0x00, 0x00, 0x00, 0x93, 0x08, 0xd0, 0x05, 0x13, 0x05, 0x10, 0x00,
    0x93, 0x05, 0x00, 0x00, 0x13, 0x06, 0x00, 0x00, 0x73, 0x00, 0x00, 0x00,
    0x6f, 0x00, 0x00, 0x00, 0x13, 0x08, 0x00, 0x00, 0xb3, 0x76, 0xd5, 0x00,
    0x37, 0x27, 0x01, 0x00, 0x13, 0x07, 0x87, 0x47, 0xb7, 0x27, 0x00, 0x00,
    0x9b, 0x87, 0xf7, 0xff, 0x93, 0x08, 0xf0, 0x03, 0xb3, 0x05, 0x07, 0x01,
    0x33, 0x86, 0x07, 0x41, 0x13, 0x85, 0x06, 0x00, 0x73, 0x00, 0x00, 0x00,
    0xb3, 0x05, 0x05, 0x01, 0x93, 0x82, 0x05, 0x00, 0x63, 0x44, 0xa0, 0x00,
    0x93, 0x02, 0x08, 0x00, 0x63, 0x56, 0xa0, 0x00, 0x13, 0x88, 0x02, 0x00,
    0xe3, 0xec, 0xf5, 0xfc, 0x93, 0x08, 0x90, 0x03, 0x93, 0x05, 0x00, 0x00,
    0x13, 0x06, 0x00, 0x00, 0x13, 0x85, 0x06, 0x00, 0x73, 0x00, 0x00, 0x00,
    0x33, 0x05, 0x57, 0x00, 0x23, 0x00, 0x05, 0x00, 0xe3, 0xca, 0x02, 0xf4,
    0x37, 0x25, 0x01, 0x00, 0x03, 0x45, 0x85, 0x47, 0xb7, 0x45, 0x01, 0x00,
    0x23, 0x8c, 0x05, 0x46, 0x63, 0x0e, 0x05, 0x12, 0x93, 0x05, 0x00, 0x02,
    0x13, 0x06, 0x10, 0x00, 0x93, 0x06, 0x30, 0x02, 0xb7, 0x47, 0x01, 0x00,
    0x93, 0x87, 0x87, 0x47, 0x13, 0x08, 0xe0, 0x0f, 0xb7, 0x08, 0x80, 0x00,
    0x9b, 0x82, 0x38, 0x01, 0x93, 0x92, 0x92, 0x00, 0x13, 0x03, 0xa0, 0x00,
    0x93, 0x03, 0x07, 0x00, 0x63, 0x0a, 0x05, 0x00, 0x63, 0x08, 0x65, 0x00,
    0x03, 0xc5, 0x13, 0x00, 0x93, 0x83, 0x13, 0x00, 0xe3, 0x1a, 0x05, 0xfe,
    0x23, 0x80, 0x03, 0x00, 0x13, 0x0f, 0xf7, 0xff, 0x13, 0x0e, 0x17, 0x00,
    0x83, 0x4e, 0x07, 0x00, 0x63, 0xe4, 0xd5, 0x03, 0x9b, 0x8f, 0x18, 0x01,
    0x93, 0x9f, 0x9f, 0x00, 0xb3, 0xdf, 0xdf, 0x01, 0x93, 0xff, 0x1f, 0x00,
    0x63, 0x8a, 0x0f, 0x00, 0x13, 0x07, 0x17, 0x00, 0x13, 0x0f, 0x1f, 0x00,
    0x13, 0x0e, 0x1e, 0x00, 0x6f, 0xf0, 0x9f, 0xfd, 0x93, 0x04, 0x00, 0x00,
    0x13, 0x84, 0x04, 0x00, 0xb3, 0x0f, 0x97, 0x00, 0x03, 0xc9, 0x0f, 0x00,
    0x93, 0x0f, 0x0f, 0x00, 0x93, 0x84, 0x14, 0x00, 0x13, 0x0f, 0x1f, 0x00,
    0xe3, 0x14, 0x09, 0xfe, 0x63, 0x88, 0xc4, 0x02, 0xb3, 0x0e, 0x80, 0x40,
    0x03, 0xcf, 0x0f, 0x00, 0x63, 0xe0, 0xe5, 0x03, 0x33, 0xdf, 0xe2, 0x01,
    0x13, 0x7f, 0x1f, 0x00, 0x63, 0x0a, 0x0f, 0x00, 0x23, 0x80, 0x0f, 0x00,
    0x93, 0x8e, 0x1e, 0x00, 0x93, 0x8f, 0xff, 0xff, 0xe3, 0x90, 0x0e, 0xfe,
    0x83, 0x4e, 0x07, 0x00, 0x63, 0x88, 0x0e, 0x02, 0x63, 0x86, 0xde, 0x02,
    0x13, 0x0f, 0x10, 0x00, 0x13, 0x87, 0x07, 0x00, 0x23, 0x00, 0xd7, 0x01,
    0x13, 0x07, 0x17, 0x00, 0x63, 0x6a, 0xe8, 0x01, 0x83, 0x4e, 0x0e, 0x00,
    0x13, 0x0f, 0x1f, 0x00, 0x13, 0x0e, 0x1e, 0x00, 0xe3, 0x94, 0x0e, 0xfe,
    0x23, 0x00, 0x07, 0x00, 0x23, 0x80, 0xa3, 0x00, 0x33, 0x37, 0xa0, 0x00,
    0x33, 0x87, 0xe3, 0x00, 0x03, 0x45, 0x07, 0x00, 0xe3, 0x10, 0x05, 0xf2,
    0x37, 0x45, 0x01, 0x00, 0x83, 0x45, 0x85, 0x47, 0x63, 0x82, 0x05, 0x02,
    0x37, 0x45, 0x01, 0x00, 0x13, 0x05, 0x85, 0x47, 0x13, 0x06, 0x00, 0x02,
    0x93, 0xe6, 0x05, 0x02, 0x63, 0x8c, 0xc6, 0x04, 0x83, 0x45, 0x15, 0x00,
    0x13, 0x05, 0x15, 0x00, 0x6f, 0xf0, 0x1f, 0xff, 0xb7, 0x15, 0x01, 0x00,
    0x93, 0x85, 0x05, 0x41, 0x13, 0x06, 0x20, 0x02, 0x93, 0x08, 0x00, 0x04,
    0x13, 0x05, 0x10, 0x00, 0x73, 0x00, 0x00, 0x00, 0xb7, 0x15, 0x01, 0x00,
    0x93, 0x85, 0x65, 0x47, 0x13, 0x06, 0x10, 0x00, 0x93, 0x08, 0x00, 0x04,
    0x13, 0x05, 0x10, 0x00, 0x73, 0x00, 0x00, 0x00, 0x93, 0x08, 0xd0, 0x05,
    0x13, 0x05, 0x10, 0x00, 0x93, 0x05, 0x00, 0x00, 0x13, 0x06, 0x00, 0x00,
    0x73, 0x00, 0x00, 0x00, 0x6f, 0x00, 0x00, 0x00, 0x23, 0x00, 0x05, 0x00,
    0x37, 0x46, 0x01, 0x00, 0x83, 0x46, 0x86, 0x47, 0x37, 0x46, 0x01, 0x00,
    0x13, 0x06, 0x86, 0x57, 0x63, 0x8c, 0x06, 0x02, 0x93, 0x08, 0x00, 0x00,
    0xb7, 0x47, 0x01, 0x00, 0x93, 0x87, 0x87, 0x47, 0x13, 0x08, 0xe0, 0x0b,
    0x13, 0x87, 0x18, 0x00, 0xb3, 0x02, 0x16, 0x01, 0x23, 0x80, 0xd2, 0x00,
    0x63, 0x6e, 0xe8, 0x00, 0xb3, 0x88, 0x17, 0x01, 0x83, 0xc6, 0x18, 0x00,
    0x93, 0x08, 0x07, 0x00, 0xe3, 0x92, 0x06, 0xfe, 0x6f, 0x00, 0x80, 0x00,
    0x13, 0x07, 0x00, 0x00, 0x33, 0x06, 0xe6, 0x00, 0x23, 0x00, 0x06, 0x00,
    0x23, 0x00, 0xb5, 0x00, 0x63, 0x82, 0x05, 0x08, 0x13, 0x06, 0x00, 0x02,
    0xb7, 0x06, 0x80, 0x00, 0x9b, 0x86, 0x16, 0x01, 0x93, 0x96, 0x96, 0x00,
    0x63, 0x6e, 0xb6, 0x00, 0xb3, 0xd5, 0xb6, 0x00, 0x93, 0xf5, 0x15, 0x00,
    0x63, 0x88, 0x05, 0x00, 0x83, 0x45, 0x15, 0x00, 0x13, 0x05, 0x15, 0x00,
    0xe3, 0x76, 0xb6, 0xfe, 0x93, 0x05, 0xe5, 0xff, 0x13, 0x06, 0x10, 0x00,
    0x83, 0xc6, 0x25, 0x00, 0x93, 0x85, 0x15, 0x00, 0x13, 0x06, 0xf6, 0xff,
    0xe3, 0x9a, 0x06, 0xfe, 0x63, 0x02, 0x06, 0x04, 0x93, 0x06, 0x00, 0x02,
    0x37, 0x07, 0x80, 0x00, 0x1b, 0x07, 0x37, 0x01, 0x13, 0x17, 0x97, 0x00,
    0x83, 0xc7, 0x05, 0x00, 0x63, 0xe6, 0xf6, 0x02, 0xb3, 0x57, 0xf7, 0x00,
    0x93, 0xf7, 0x17, 0x00, 0x63, 0x80, 0x07, 0x02, 0x23, 0x80, 0x05, 0x00,
    0x13, 0x06, 0x16, 0x00, 0x93, 0x85, 0xf5, 0xff, 0xe3, 0x10, 0x06, 0xfe,
    0x6f, 0x00, 0xc0, 0x00, 0x37, 0x15, 0x01, 0x00, 0x13, 0x05, 0x35, 0x43,
    0x03, 0x46, 0x05, 0x00, 0xb7, 0x45, 0x01, 0x00, 0x93, 0x85, 0x85, 0x63,
    0x63, 0x0a, 0x06, 0x02, 0x93, 0x07, 0x00, 0x00, 0x93, 0x06, 0x15, 0x00,
    0x13, 0x07, 0xe0, 0x0b, 0x13, 0x85, 0x17, 0x00, 0x33, 0x88, 0xf5, 0x00,
    0x23, 0x00, 0xc8, 0x00, 0x63, 0x6e, 0xa7, 0x00, 0xb3, 0x87, 0xf6, 0x00,
    0x03, 0xc6, 0x07, 0x00, 0x93, 0x07, 0x05, 0x00, 0xe3, 0x12, 0x06, 0xfe,
    0x6f, 0x00, 0x80, 0x00, 0x13, 0x05, 0x00, 0x00, 0x33, 0x85, 0xa5, 0x00,
    0x23, 0x00, 0x05, 0x00, 0x37, 0x45, 0x01, 0x00, 0x13, 0x05, 0x85, 0x57,
    0x93, 0x08, 0x30, 0x40, 0x13, 0x06, 0x00, 0x00, 0x73, 0x00, 0x00, 0x00,
    0x33, 0x35, 0xa0, 0x00, 0x93, 0x08, 0xd0, 0x05, 0x93, 0x05, 0x00, 0x00,
    0x13, 0x06, 0x00, 0x00, 0x73, 0x00, 0x00, 0x00, 0x6f, 0x00, 0x00, 0x00,
    0x69, 0x6e, 0x69, 0x74, 0x3a, 0x20, 0x2f, 0x65, 0x74, 0x63, 0x2f, 0x69,
    0x6e, 0x69, 0x74, 0x74, 0x61, 0x62, 0x3a, 0x20, 0x6e, 0x6f, 0x74, 0x68,
    0x69, 0x6e, 0x67, 0x20, 0x74, 0x6f, 0x20, 0x72, 0x75, 0x6e, 0x00, 0x00,
    0x2f, 0x65, 0x74, 0x63, 0x2f, 0x69, 0x6e, 0x69, 0x74, 0x74, 0x61, 0x62,
    0x00, 0x69, 0x6e, 0x69, 0x74, 0x3a, 0x20, 0x70, 0x69, 0x64, 0x20, 0x31,
    0x20, 0x73, 0x74, 0x61, 0x72, 0x74, 0x69, 0x6e, 0x67, 0x00, 0x69, 0x6e,
    0x69, 0x74, 0x3a, 0x20, 0x2f, 0x65, 0x74, 0x63, 0x2f, 0x69, 0x6e, 0x69,
    0x74, 0x74, 0x61, 0x62, 0x3a, 0x20, 0x63, 0x61, 0x6e, 0x6e, 0x6f, 0x74,
    0x20, 0x72, 0x65, 0x61, 0x64, 0x00, 0x0a, 0x00, 0x00, 0x4c, 0x69, 0x6e,
    0x6b, 0x65, 0x72, 0x3a, 0x20, 0x44, 0x65, 0x62, 0x69, 0x61, 0x6e, 0x20,
    0x4c, 0x4c, 0x44, 0x20, 0x31, 0x39, 0x2e, 0x31, 0x2e, 0x37, 0x00, 0x44,
    0x65, 0x62, 0x69, 0x61, 0x6e, 0x20, 0x63, 0x6c, 0x61, 0x6e, 0x67, 0x20,
    0x76, 0x65, 0x72, 0x73, 0x69, 0x6f, 0x6e, 0x20, 0x31, 0x39, 0x2e, 0x31,
    0x2e, 0x37, 0x20, 0x28, 0x33, 0x2b, 0x62, 0x31, 0x29, 0x00, 0x41, 0x29,
    0x00, 0x00, 0x00, 0x72, 0x69, 0x73, 0x63, 0x76, 0x00, 0x01, 0x1f, 0x00,
    0x00, 0x00, 0x04, 0x10, 0x05, 0x72, 0x76, 0x36, 0x34, 0x69, 0x32, 0x70,
    0x31, 0x5f, 0x6d, 0x32, 0x70, 0x30, 0x5f, 0x7a, 0x6d, 0x6d, 0x75, 0x6c,
    0x31, 0x70, 0x30, 0x00, 0x00, 0x00, 0x00, 0x00, 0x00, 0x00, 0x00, 0x00,
    0x00, 0x00, 0x00, 0x00, 0x00, 0x00, 0x00, 0x00, 0x00, 0x00, 0x00, 0x00,
    0x00, 0x00, 0x00, 0x00, 0x01, 0x00, 0x00, 0x00, 0x04, 0x00, 0xf1, 0xff,
    0x00, 0x00, 0x00, 0x00, 0x00, 0x00, 0x00, 0x00, 0x00, 0x00, 0x00, 0x00,
    0x00, 0x00, 0x00, 0x00, 0x08, 0x00, 0x00, 0x00, 0x00, 0x00, 0x01, 0x00,
    0x00, 0x00, 0x01, 0x00, 0x00, 0x00, 0x00, 0x00, 0x00, 0x00, 0x00, 0x00,
    0x00, 0x00, 0x00, 0x00, 0x0b, 0x00, 0x00, 0x00, 0x01, 0x00, 0x03, 0x00,
    0x78, 0x24, 0x01, 0x00, 0x00, 0x00, 0x00, 0x00, 0x00, 0x20, 0x00, 0x00,
    0x00, 0x00, 0x00, 0x00, 0x0f, 0x00, 0x00, 0x00, 0x01, 0x00, 0x03, 0x00,
    0x78, 0x44, 0x01, 0x00, 0x00, 0x00, 0x00, 0x00, 0x00, 0x01, 0x00, 0x00,
    0x00, 0x00, 0x00, 0x00, 0x1a, 0x00, 0x00, 0x00, 0x01, 0x00, 0x03, 0x00,
    0x78, 0x45, 0x01, 0x00, 0x00, 0x00, 0x00, 0x00, 0xc0, 0x00, 0x00, 0x00,
    0x00, 0x00, 0x00, 0x00, 0x26, 0x00, 0x00, 0x00, 0x01, 0x00, 0x03, 0x00,
    0x38, 0x46, 0x01, 0x00, 0x00, 0x00, 0x00, 0x00, 0xc0, 0x00, 0x00, 0x00,
    0x00, 0x00, 0x00, 0x00, 0x31, 0x00, 0x00, 0x00, 0x00, 0x00, 0x02, 0x00,
    0x41, 0x14, 0x01, 0x00, 0x00, 0x00, 0x00, 0x00, 0x00, 0x00, 0x00, 0x00,
    0x00, 0x00, 0x00, 0x00, 0x34, 0x00, 0x00, 0x00, 0x00, 0x00, 0x03, 0x00,
    0x78, 0x24, 0x01, 0x00, 0x00, 0x00, 0x00, 0x00, 0x00, 0x00, 0x00, 0x00,
    0x00, 0x00, 0x00, 0x00, 0x37, 0x00, 0x00, 0x00, 0x00, 0x00, 0x04, 0x00,
    0x00, 0x00, 0x00, 0x00, 0x00, 0x00, 0x00, 0x00, 0x00, 0x00, 0x00, 0x00,
    0x00, 0x00, 0x00, 0x00, 0x3a, 0x00, 0x00, 0x00, 0x00, 0x00, 0xf1, 0xff,
    0x00, 0x00, 0x00, 0x00, 0x00, 0x00, 0x00, 0x00, 0x00, 0x00, 0x00, 0x00,
    0x00, 0x00, 0x00, 0x00, 0x3d, 0x00, 0x00, 0x00, 0x12, 0x00, 0x01, 0x00,
    0x00, 0x00, 0x01, 0x00, 0x00, 0x00, 0x00, 0x00, 0x10, 0x04, 0x00, 0x00,
    0x00, 0x00, 0x00, 0x00, 0x00, 0x2e, 0x74, 0x65, 0x78, 0x74, 0x00, 0x2e,
    0x72, 0x6f, 0x64, 0x61, 0x74, 0x61, 0x00, 0x2e, 0x62, 0x73, 0x73, 0x00,
    0x2e, 0x63, 0x6f, 0x6d, 0x6d, 0x65, 0x6e, 0x74, 0x00, 0x2e, 0x72, 0x69,
    0x73, 0x63, 0x76, 0x2e, 0x61, 0x74, 0x74, 0x72, 0x69, 0x62, 0x75, 0x74,
    0x65, 0x73, 0x00, 0x2e, 0x73, 0x79, 0x6d, 0x74, 0x61, 0x62, 0x00, 0x2e,
    0x73, 0x68, 0x73, 0x74, 0x72, 0x74, 0x61, 0x62, 0x00, 0x2e, 0x73, 0x74,
    0x72, 0x74, 0x61, 0x62, 0x00, 0x00, 0x69, 0x6e, 0x69, 0x74, 0x2e, 0x63,
    0x00, 0x24, 0x78, 0x00, 0x62, 0x75, 0x66, 0x00, 0x5f, 0x73, 0x74, 0x61,
    0x72, 0x74, 0x2e, 0x63, 0x6d, 0x64, 0x00, 0x5f, 0x73, 0x74, 0x61, 0x72,
    0x74, 0x2e, 0x70, 0x72, 0x6f, 0x67, 0x00, 0x5f, 0x73, 0x74, 0x61, 0x72,
    0x74, 0x2e, 0x61, 0x72, 0x67, 0x00, 0x24, 0x64, 0x00, 0x24, 0x64, 0x00,
    0x24, 0x64, 0x00, 0x24, 0x64, 0x00, 0x5f, 0x73, 0x74, 0x61, 0x72, 0x74,
    0x00, 0x00, 0x00, 0x00, 0x00, 0x00, 0x00, 0x00, 0x00, 0x00, 0x00, 0x00,
    0x00, 0x00, 0x00, 0x00, 0x00, 0x00, 0x00, 0x00, 0x00, 0x00, 0x00, 0x00,
    0x00, 0x00, 0x00, 0x00, 0x00, 0x00, 0x00, 0x00, 0x00, 0x00, 0x00, 0x00,
    0x00, 0x00, 0x00, 0x00, 0x00, 0x00, 0x00, 0x00, 0x00, 0x00, 0x00, 0x00,
    0x00, 0x00, 0x00, 0x00, 0x00, 0x00, 0x00, 0x00, 0x00, 0x00, 0x00, 0x00,
    0x00, 0x00, 0x00, 0x00, 0x00, 0x00, 0x00, 0x00, 0x01, 0x00, 0x00, 0x00,
    0x01, 0x00, 0x00, 0x00, 0x06, 0x00, 0x00, 0x00, 0x00, 0x00, 0x00, 0x00,
    0x00, 0x00, 0x01, 0x00, 0x00, 0x00, 0x00, 0x00, 0x00, 0x10, 0x00, 0x00,
    0x00, 0x00, 0x00, 0x00, 0x10, 0x04, 0x00, 0x00, 0x00, 0x00, 0x00, 0x00,
    0x00, 0x00, 0x00, 0x00, 0x00, 0x00, 0x00, 0x00, 0x04, 0x00, 0x00, 0x00,
    0x00, 0x00, 0x00, 0x00, 0x00, 0x00, 0x00, 0x00, 0x00, 0x00, 0x00, 0x00,
    0x07, 0x00, 0x00, 0x00, 0x01, 0x00, 0x00, 0x00, 0x32, 0x00, 0x00, 0x00,
    0x00, 0x00, 0x00, 0x00, 0x10, 0x14, 0x01, 0x00, 0x00, 0x00, 0x00, 0x00,
    0x10, 0x14, 0x00, 0x00, 0x00, 0x00, 0x00, 0x00, 0x68, 0x00, 0x00, 0x00,
    0x00, 0x00, 0x00, 0x00, 0x00, 0x00, 0x00, 0x00, 0x00, 0x00, 0x00, 0x00,
    0x01, 0x00, 0x00, 0x00, 0x00, 0x00, 0x00, 0x00, 0x01, 0x00, 0x00, 0x00,
    0x00, 0x00, 0x00, 0x00, 0x0f, 0x00, 0x00, 0x00, 0x08, 0x00, 0x00, 0x00,
    0x03, 0x00, 0x00, 0x00, 0x00, 0x00, 0x00, 0x00, 0x78, 0x24, 0x01, 0x00,
    0x00, 0x00, 0x00, 0x00, 0x78, 0x14, 0x00, 0x00, 0x00, 0x00, 0x00, 0x00,
    0x80, 0x22, 0x00, 0x00, 0x00, 0x00, 0x00, 0x00, 0x00, 0x00, 0x00, 0x00,
    0x00, 0x00, 0x00, 0x00, 0x01, 0x00, 0x00, 0x00, 0x00, 0x00, 0x00, 0x00,
    0x00, 0x00, 0x00, 0x00, 0x00, 0x00, 0x00, 0x00, 0x14, 0x00, 0x00, 0x00,
    0x01, 0x00, 0x00, 0x00, 0x30, 0x00, 0x00, 0x00, 0x00, 0x00, 0x00, 0x00,
    0x00, 0x00, 0x00, 0x00, 0x00, 0x00, 0x00, 0x00, 0x78, 0x14, 0x00, 0x00,
    0x00, 0x00, 0x00, 0x00, 0x3e, 0x00, 0x00, 0x00, 0x00, 0x00, 0x00, 0x00,
    0x00, 0x00, 0x00, 0x00, 0x00, 0x00, 0x00, 0x00, 0x01, 0x00, 0x00, 0x00,
    0x00, 0x00, 0x00, 0x00, 0x01, 0x00, 0x00, 0x00, 0x00, 0x00, 0x00, 0x00,
    0x1d, 0x00, 0x00, 0x00, 0x03, 0x00, 0x00, 0x70, 0x00, 0x00, 0x00, 0x00,
    0x00, 0x00, 0x00, 0x00, 0x00, 0x00, 0x00, 0x00, 0x00, 0x00, 0x00, 0x00,
    0xb6, 0x14, 0x00, 0x00, 0x00, 0x00, 0x00, 0x00, 0x2a, 0x00, 0x00, 0x00,
    0x00, 0x00, 0x00, 0x00, 0x00, 0x00, 0x00, 0x00, 0x00, 0x00, 0x00, 0x00,
    0x01, 0x00, 0x00, 0x00, 0x00, 0x00, 0x00, 0x00, 0x00, 0x00, 0x00, 0x00,
    0x00, 0x00, 0x00, 0x00, 0x2f, 0x00, 0x00, 0x00, 0x02, 0x00, 0x00, 0x00,
    0x00, 0x00, 0x00, 0x00, 0x00, 0x00, 0x00, 0x00, 0x00, 0x00, 0x00, 0x00,
    0x00, 0x00, 0x00, 0x00, 0xe0, 0x14, 0x00, 0x00, 0x00, 0x00, 0x00, 0x00,
    0x20, 0x01, 0x00, 0x00, 0x00, 0x00, 0x00, 0x00, 0x08, 0x00, 0x00, 0x00,
    0x0b, 0x00, 0x00, 0x00, 0x08, 0x00, 0x00, 0x00, 0x00, 0x00, 0x00, 0x00,
    0x18, 0x00, 0x00, 0x00, 0x00, 0x00, 0x00, 0x00, 0x37, 0x00, 0x00, 0x00,
    0x03, 0x00, 0x00, 0x00, 0x00, 0x00, 0x00, 0x00, 0x00, 0x00, 0x00, 0x00,
    0x00, 0x00, 0x00, 0x00, 0x00, 0x00, 0x00, 0x00, 0x00, 0x16, 0x00, 0x00,
    0x00, 0x00, 0x00, 0x00, 0x49, 0x00, 0x00, 0x00, 0x00, 0x00, 0x00, 0x00,
    0x00, 0x00, 0x00, 0x00, 0x00, 0x00, 0x00, 0x00, 0x01, 0x00, 0x00, 0x00,
    0x00, 0x00, 0x00, 0x00, 0x00, 0x00, 0x00, 0x00, 0x00, 0x00, 0x00, 0x00,
    0x41, 0x00, 0x00, 0x00, 0x03, 0x00, 0x00, 0x00, 0x00, 0x00, 0x00, 0x00,
    0x00, 0x00, 0x00, 0x00, 0x00, 0x00, 0x00, 0x00, 0x00, 0x00, 0x00, 0x00,
    0x49, 0x16, 0x00, 0x00, 0x00, 0x00, 0x00, 0x00, 0x44, 0x00, 0x00, 0x00,
    0x00, 0x00, 0x00, 0x00, 0x00, 0x00, 0x00, 0x00, 0x00, 0x00, 0x00, 0x00,
    0x01, 0x00, 0x00, 0x00, 0x00, 0x00, 0x00, 0x00, 0x00, 0x00, 0x00, 0x00,
    0x00, 0x00, 0x00, 0x00,
};
#define GUEST_INIT_LEN 6352

static const unsigned char GUEST_RC[] = {
    0x7f, 0x45, 0x4c, 0x46, 0x02, 0x01, 0x01, 0x00, 0x00, 0x00, 0x00, 0x00,
    0x00, 0x00, 0x00, 0x00, 0x02, 0x00, 0xf3, 0x00, 0x01, 0x00, 0x00, 0x00,
    0x00, 0x00, 0x01, 0x00, 0x00, 0x00, 0x00, 0x00, 0x40, 0x00, 0x00, 0x00,
    0x00, 0x00, 0x00, 0x00, 0xa0, 0x1d, 0x00, 0x00, 0x00, 0x00, 0x00, 0x00,
    0x00, 0x00, 0x00, 0x00, 0x40, 0x00, 0x38, 0x00, 0x07, 0x00, 0x40, 0x00,
    0x09, 0x00, 0x07, 0x00, 0x06, 0x00, 0x00, 0x00, 0x04, 0x00, 0x00, 0x00,
    0x40, 0x00, 0x00, 0x00, 0x00, 0x00, 0x00, 0x00, 0x40, 0x00, 0x01, 0x00,
    0x00, 0x00, 0x00, 0x00, 0x40, 0x00, 0x01, 0x00, 0x00, 0x00, 0x00, 0x00,
    0x88, 0x01, 0x00, 0x00, 0x00, 0x00, 0x00, 0x00, 0x88, 0x01, 0x00, 0x00,
    0x00, 0x00, 0x00, 0x00, 0x08, 0x00, 0x00, 0x00, 0x00, 0x00, 0x00, 0x00,
    0x01, 0x00, 0x00, 0x00, 0x04, 0x00, 0x00, 0x00, 0x00, 0x00, 0x00, 0x00,
    0x00, 0x00, 0x00, 0x00, 0x00, 0x00, 0x01, 0x00, 0x00, 0x00, 0x00, 0x00,
    0x00, 0x00, 0x01, 0x00, 0x00, 0x00, 0x00, 0x00, 0xc8, 0x01, 0x00, 0x00,
    0x00, 0x00, 0x00, 0x00, 0xc8, 0x01, 0x00, 0x00, 0x00, 0x00, 0x00, 0x00,
    0x00, 0x10, 0x00, 0x00, 0x00, 0x00, 0x00, 0x00, 0x01, 0x00, 0x00, 0x00,
    0x05, 0x00, 0x00, 0x00, 0x00, 0x10, 0x00, 0x00, 0x00, 0x00, 0x00, 0x00,
    0x00, 0x00, 0x01, 0x00, 0x00, 0x00, 0x00, 0x00, 0x00, 0x00, 0x01, 0x00,
    0x00, 0x00, 0x00, 0x00, 0x7c, 0x0a, 0x00, 0x00, 0x00, 0x00, 0x00, 0x00,
    0x7c, 0x0a, 0x00, 0x00, 0x00, 0x00, 0x00, 0x00, 0x00, 0x10, 0x00, 0x00,
    0x00, 0x00, 0x00, 0x00, 0x01, 0x00, 0x00, 0x00, 0x04, 0x00, 0x00, 0x00,
    0x7c, 0x1a, 0x00, 0x00, 0x00, 0x00, 0x00, 0x00, 0x7c, 0x1a, 0x01, 0x00,
    0x00, 0x00, 0x00, 0x00, 0x7c, 0x1a, 0x01, 0x00, 0x00, 0x00, 0x00, 0x00,
    0x14, 0x01, 0x00, 0x00, 0x00, 0x00, 0x00, 0x00, 0x14, 0x01, 0x00, 0x00,
    0x00, 0x00, 0x00, 0x00, 0x00, 0x10, 0x00, 0x00, 0x00, 0x00, 0x00, 0x00,
    0x01, 0x00, 0x00, 0x00, 0x06, 0x00, 0x00, 0x00, 0x90, 0x1b, 0x00, 0x00,
    0x00, 0x00, 0x00, 0x00, 0x90, 0x2b, 0x01, 0x00, 0x00, 0x00, 0x00, 0x00,
    0x90, 0x2b, 0x01, 0x00, 0x00, 0x00, 0x00, 0x00, 0x00, 0x00, 0x00, 0x00,
    0x00, 0x00, 0x00, 0x00, 0x00, 0x43, 0x00, 0x00, 0x00, 0x00, 0x00, 0x00,
    0x00, 0x10, 0x00, 0x00, 0x00, 0x00, 0x00, 0x00, 0x51, 0xe5, 0x74, 0x64,
    0x06, 0x00, 0x00, 0x00, 0x00, 0x00, 0x00, 0x00, 0x00, 0x00, 0x00, 0x00,
    0x00, 0x00, 0x00, 0x00, 0x00, 0x00, 0x00, 0x00, 0x00, 0x00, 0x00, 0x00,
    0x00, 0x00, 0x00, 0x00, 0x00, 0x00, 0x00, 0x00, 0x00, 0x00, 0x00, 0x00,
    0x00, 0x00, 0x00, 0x00, 0x00, 0x00, 0x00, 0x00, 0x00, 0x00, 0x00, 0x00,
    0x00, 0x00, 0x00, 0x00, 0x03, 0x00, 0x00, 0x70, 0x04, 0x00, 0x00, 0x00,
    0xce, 0x1b, 0x00, 0x00, 0x00, 0x00, 0x00, 0x00, 0x00, 0x00, 0x00, 0x00,
    0x00, 0x00, 0x00, 0x00, 0x00, 0x00, 0x00, 0x00, 0x00, 0x00, 0x00, 0x00,
    0x2a, 0x00, 0x00, 0x00, 0x00, 0x00, 0x00, 0x00, 0x2a, 0x00, 0x00, 0x00,
    0x00, 0x00, 0x00, 0x00, 0x01, 0x00, 0x00, 0x00, 0x00, 0x00, 0x00, 0x00,
    0x00, 0x00, 0x00, 0x00, 0x00, 0x00, 0x00, 0x00, 0x00, 0x00, 0x00, 0x00,
    0x00, 0x00, 0x00, 0x00, 0x00, 0x00, 0x00, 0x00, 0x00, 0x00, 0x00, 0x00,
    0x00, 0x00, 0x00, 0x00, 0x00, 0x00, 0x00, 0x00, 0x00, 0x00, 0x00, 0x00,
    0x00, 0x00, 0x00, 0x00, 0x00, 0x00, 0x00, 0x00, 0x00, 0x00, 0x00, 0x00,
    0x00, 0x00, 0x00, 0x00, 0x00, 0x00, 0x00, 0x00, 0x00, 0x00, 0x00, 0x00,
    0x00, 0x00, 0x00, 0x00, 0x00, 0x00, 0x00, 0x00, 0x00, 0x00, 0x00, 0x00,
    0x00, 0x00, 0x00, 0x00, 0x00, 0x00, 0x00, 0x00, 0x00, 0x00, 0x00, 0x00,
    0x00, 0x00, 0x00, 0x00, 0x00, 0x00, 0x00, 0x00, 0x00, 0x00, 0x00, 0x00,
    0x00, 0x00, 0x00, 0x00, 0x00, 0x00, 0x00, 0x00, 0x00, 0x00, 0x00, 0x00,
    0x00, 0x00, 0x00, 0x00, 0x00, 0x00, 0x00, 0x00, 0x00, 0x00, 0x00, 0x00,
    0x00, 0x00, 0x00, 0x00, 0x00, 0x00, 0x00, 0x00, 0x00, 0x00, 0x00, 0x00,
    0x00, 0x00, 0x00, 0x00, 0x00, 0x00, 0x00, 0x00, 0x00, 0x00, 0x00, 0x00,
    0x00, 0x00, 0x00, 0x00, 0x00, 0x00, 0x00, 0x00, 0x00, 0x00, 0x00, 0x00,
    0x00, 0x00, 0x00, 0x00, 0x00, 0x00, 0x00, 0x00, 0x00, 0x00, 0x00, 0x00,
    0x00, 0x00, 0x00, 0x00, 0x00, 0x00, 0x00, 0x00, 0x00, 0x00, 0x00, 0x00,
    0x00, 0x00, 0x00, 0x00, 0x00, 0x00, 0x00, 0x00, 0x00, 0x00, 0x00, 0x00,
    0x00, 0x00, 0x00, 0x00, 0x00, 0x00, 0x00, 0x00, 0x00, 0x00, 0x00, 0x00,
    0x00, 0x00, 0x00, 0x00, 0x00, 0x00, 0x00, 0x00, 0x00, 0x00, 0x00, 0x00,
    0x00, 0x00, 0x00, 0x00, 0x00, 0x00, 0x00, 0x00, 0x00, 0x00, 0x00, 0x00,
    0x00, 0x00, 0x00, 0x00, 0x00, 0x00, 0x00, 0x00, 0x00, 0x00, 0x00, 0x00,
    0x00, 0x00, 0x00, 0x00, 0x00, 0x00, 0x00, 0x00, 0x00, 0x00, 0x00, 0x00,
    0x00, 0x00, 0x00, 0x00, 0x00, 0x00, 0x00, 0x00, 0x00, 0x00, 0x00, 0x00,
    0x00, 0x00, 0x00, 0x00, 0x00, 0x00, 0x00, 0x00, 0x00, 0x00, 0x00, 0x00,
    0x00, 0x00, 0x00, 0x00, 0x00, 0x00, 0x00, 0x00, 0x00, 0x00, 0x00, 0x00,
    0x00, 0x00, 0x00, 0x00, 0x00, 0x00, 0x00, 0x00, 0x00, 0x00, 0x00, 0x00,
    0x00, 0x00, 0x00, 0x00, 0x00, 0x00, 0x00, 0x00, 0x00, 0x00, 0x00, 0x00,
    0x00, 0x00, 0x00, 0x00, 0x00, 0x00, 0x00, 0x00, 0x00, 0x00, 0x00, 0x00,
    0x00, 0x00, 0x00, 0x00, 0x00, 0x00, 0x00, 0x00, 0x00, 0x00, 0x00, 0x00,
    0x00, 0x00, 0x00, 0x00, 0x00, 0x00, 0x00, 0x00, 0x00, 0x00, 0x00, 0x00,
    0x00, 0x00, 0x00, 0x00, 0x00, 0x00, 0x00, 0x00, 0x00, 0x00, 0x00, 0x00,
    0x00, 0x00, 0x00, 0x00, 0x00, 0x00, 0x00, 0x00, 0x00, 0x00, 0x00, 0x00,
    0x00, 0x00, 0x00, 0x00, 0x00, 0x00, 0x00, 0x00, 0x00, 0x00, 0x00, 0x00,
    0x00, 0x00, 0x00, 0x00, 0x00, 0x00, 0x00, 0x00, 0x00, 0x00, 0x00, 0x00,
    0x00, 0x00, 0x00, 0x00, 0x00, 0x00, 0x00, 0x00, 0x00, 0x00, 0x00, 0x00,
    0x00, 0x00, 0x00, 0x00, 0x00, 0x00, 0x00, 0x00, 0x00, 0x00, 0x00, 0x00,
    0x00, 0x00, 0x00, 0x00, 0x00, 0x00, 0x00, 0x00, 0x00, 0x00, 0x00, 0x00,
    0x00, 0x00, 0x00, 0x00, 0x00, 0x00, 0x00, 0x00, 0x00, 0x00, 0x00, 0x00,
    0x00, 0x00, 0x00, 0x00, 0x00, 0x00, 0x00, 0x00, 0x00, 0x00, 0x00, 0x00,
    0x00, 0x00, 0x00, 0x00, 0x00, 0x00, 0x00, 0x00, 0x00, 0x00, 0x00, 0x00,
    0x00, 0x00, 0x00, 0x00, 0x00, 0x00, 0x00, 0x00, 0x00, 0x00, 0x00, 0x00,
    0x00, 0x00, 0x00, 0x00, 0x00, 0x00, 0x00, 0x00, 0x00, 0x00, 0x00, 0x00,
    0x00, 0x00, 0x00, 0x00, 0x00, 0x00, 0x00, 0x00, 0x00, 0x00, 0x00, 0x00,
    0x00, 0x00, 0x00, 0x00, 0x00, 0x00, 0x00, 0x00, 0x00, 0x00, 0x00, 0x00,
    0x00, 0x00, 0x00, 0x00, 0x00, 0x00, 0x00, 0x00, 0x00, 0x00, 0x00, 0x00,
    0x00, 0x00, 0x00, 0x00, 0x00, 0x00, 0x00, 0x00, 0x00, 0x00, 0x00, 0x00,
    0x00, 0x00, 0x00, 0x00, 0x00, 0x00, 0x00, 0x00, 0x00, 0x00, 0x00, 0x00,
    0x00, 0x00, 0x00, 0x00, 0x00, 0x00, 0x00, 0x00, 0x00, 0x00, 0x00, 0x00,
    0x00, 0x00, 0x00, 0x00, 0x00, 0x00, 0x00, 0x00, 0x00, 0x00, 0x00, 0x00,
    0x00, 0x00, 0x00, 0x00, 0x00, 0x00, 0x00, 0x00, 0x00, 0x00, 0x00, 0x00,
    0x00, 0x00, 0x00, 0x00, 0x00, 0x00, 0x00, 0x00, 0x00, 0x00, 0x00, 0x00,
    0x00, 0x00, 0x00, 0x00, 0x00, 0x00, 0x00, 0x00, 0x00, 0x00, 0x00, 0x00,
    0x00, 0x00, 0x00, 0x00, 0x00, 0x00, 0x00, 0x00, 0x00, 0x00, 0x00, 0x00,
    0x00, 0x00, 0x00, 0x00, 0x00, 0x00, 0x00, 0x00, 0x00, 0x00, 0x00, 0x00,
    0x00, 0x00, 0x00, 0x00, 0x00, 0x00, 0x00, 0x00, 0x00, 0x00, 0x00, 0x00,
    0x00, 0x00, 0x00, 0x00, 0x00, 0x00, 0x00, 0x00, 0x00, 0x00, 0x00, 0x00,
    0x00, 0x00, 0x00, 0x00, 0x00, 0x00, 0x00, 0x00, 0x00, 0x00, 0x00, 0x00,
    0x00, 0x00, 0x00, 0x00, 0x00, 0x00, 0x00, 0x00, 0x00, 0x00, 0x00, 0x00,
    0x00, 0x00, 0x00, 0x00, 0x00, 0x00, 0x00, 0x00, 0x00, 0x00, 0x00, 0x00,
    0x00, 0x00, 0x00, 0x00, 0x00, 0x00, 0x00, 0x00, 0x00, 0x00, 0x00, 0x00,
    0x00, 0x00, 0x00, 0x00, 0x00, 0x00, 0x00, 0x00, 0x00, 0x00, 0x00, 0x00,
    0x00, 0x00, 0x00, 0x00, 0x00, 0x00, 0x00, 0x00, 0x00, 0x00, 0x00, 0x00,
    0x00, 0x00, 0x00, 0x00, 0x00, 0x00, 0x00, 0x00, 0x00, 0x00, 0x00, 0x00,
    0x00, 0x00, 0x00, 0x00, 0x00, 0x00, 0x00, 0x00, 0x00, 0x00, 0x00, 0x00,
    0x00, 0x00, 0x00, 0x00, 0x00, 0x00, 0x00, 0x00, 0x00, 0x00, 0x00, 0x00,
    0x00, 0x00, 0x00, 0x00, 0x00, 0x00, 0x00, 0x00, 0x00, 0x00, 0x00, 0x00,
    0x00, 0x00, 0x00, 0x00, 0x00, 0x00, 0x00, 0x00, 0x00, 0x00, 0x00, 0x00,
    0x00, 0x00, 0x00, 0x00, 0x00, 0x00, 0x00, 0x00, 0x00, 0x00, 0x00, 0x00,
    0x00, 0x00, 0x00, 0x00, 0x00, 0x00, 0x00, 0x00, 0x00, 0x00, 0x00, 0x00,
    0x00, 0x00, 0x00, 0x00, 0x00, 0x00, 0x00, 0x00, 0x00, 0x00, 0x00, 0x00,
    0x00, 0x00, 0x00, 0x00, 0x00, 0x00, 0x00, 0x00, 0x00, 0x00, 0x00, 0x00,
    0x00, 0x00, 0x00, 0x00, 0x00, 0x00, 0x00, 0x00, 0x00, 0x00, 0x00, 0x00,
    0x00, 0x00, 0x00, 0x00, 0x00, 0x00, 0x00, 0x00, 0x00, 0x00, 0x00, 0x00,
    0x00, 0x00, 0x00, 0x00, 0x00, 0x00, 0x00, 0x00, 0x00, 0x00, 0x00, 0x00,
    0x00, 0x00, 0x00, 0x00, 0x00, 0x00, 0x00, 0x00, 0x00, 0x00, 0x00, 0x00,
    0x00, 0x00, 0x00, 0x00, 0x00, 0x00, 0x00, 0x00, 0x00, 0x00, 0x00, 0x00,
    0x00, 0x00, 0x00, 0x00, 0x00, 0x00, 0x00, 0x00, 0x00, 0x00, 0x00, 0x00,
    0x00, 0x00, 0x00, 0x00, 0x00, 0x00, 0x00, 0x00, 0x00, 0x00, 0x00, 0x00,
    0x00, 0x00, 0x00, 0x00, 0x00, 0x00, 0x00, 0x00, 0x00, 0x00, 0x00, 0x00,
    0x00, 0x00, 0x00, 0x00, 0x00, 0x00, 0x00, 0x00, 0x00, 0x00, 0x00, 0x00,
    0x00, 0x00, 0x00, 0x00, 0x00, 0x00, 0x00, 0x00, 0x00, 0x00, 0x00, 0x00,
    0x00, 0x00, 0x00, 0x00, 0x00, 0x00, 0x00, 0x00, 0x00, 0x00, 0x00, 0x00,
    0x00, 0x00, 0x00, 0x00, 0x00, 0x00, 0x00, 0x00, 0x00, 0x00, 0x00, 0x00,
    0x00, 0x00, 0x00, 0x00, 0x00, 0x00, 0x00, 0x00, 0x00, 0x00, 0x00, 0x00,
    0x00, 0x00, 0x00, 0x00, 0x00, 0x00, 0x00, 0x00, 0x00, 0x00, 0x00, 0x00,
    0x00, 0x00, 0x00, 0x00, 0x00, 0x00, 0x00, 0x00, 0x00, 0x00, 0x00, 0x00,
    0x00, 0x00, 0x00, 0x00, 0x00, 0x00, 0x00, 0x00, 0x00, 0x00, 0x00, 0x00,
    0x00, 0x00, 0x00, 0x00, 0x00, 0x00, 0x00, 0x00, 0x00, 0x00, 0x00, 0x00,
    0x00, 0x00, 0x00, 0x00, 0x00, 0x00, 0x00, 0x00, 0x00, 0x00, 0x00, 0x00,
    0x00, 0x00, 0x00, 0x00, 0x00, 0x00, 0x00, 0x00, 0x00, 0x00, 0x00, 0x00,
    0x00, 0x00, 0x00, 0x00, 0x00, 0x00, 0x00, 0x00, 0x00, 0x00, 0x00, 0x00,
    0x00, 0x00, 0x00, 0x00, 0x00, 0x00, 0x00, 0x00, 0x00, 0x00, 0x00, 0x00,
    0x00, 0x00, 0x00, 0x00, 0x00, 0x00, 0x00, 0x00, 0x00, 0x00, 0x00, 0x00,
    0x00, 0x00, 0x00, 0x00, 0x00, 0x00, 0x00, 0x00, 0x00, 0x00, 0x00, 0x00,
    0x00, 0x00, 0x00, 0x00, 0x00, 0x00, 0x00, 0x00, 0x00, 0x00, 0x00, 0x00,
    0x00, 0x00, 0x00, 0x00, 0x00, 0x00, 0x00, 0x00, 0x00, 0x00, 0x00, 0x00,
    0x00, 0x00, 0x00, 0x00, 0x00, 0x00, 0x00, 0x00, 0x00, 0x00, 0x00, 0x00,
    0x00, 0x00, 0x00, 0x00, 0x00, 0x00, 0x00, 0x00, 0x00, 0x00, 0x00, 0x00,
    0x00, 0x00, 0x00, 0x00, 0x00, 0x00, 0x00, 0x00, 0x00, 0x00, 0x00, 0x00,
    0x00, 0x00, 0x00, 0x00, 0x00, 0x00, 0x00, 0x00, 0x00, 0x00, 0x00, 0x00,
    0x00, 0x00, 0x00, 0x00, 0x00, 0x00, 0x00, 0x00, 0x00, 0x00, 0x00, 0x00,
    0x00, 0x00, 0x00, 0x00, 0x00, 0x00, 0x00, 0x00, 0x00, 0x00, 0x00, 0x00,
    0x00, 0x00, 0x00, 0x00, 0x00, 0x00, 0x00, 0x00, 0x00, 0x00, 0x00, 0x00,
    0x00, 0x00, 0x00, 0x00, 0x00, 0x00, 0x00, 0x00, 0x00, 0x00, 0x00, 0x00,
    0x00, 0x00, 0x00, 0x00, 0x00, 0x00, 0x00, 0x00, 0x00, 0x00, 0x00, 0x00,
    0x00, 0x00, 0x00, 0x00, 0x00, 0x00, 0x00, 0x00, 0x00, 0x00, 0x00, 0x00,
    0x00, 0x00, 0x00, 0x00, 0x00, 0x00, 0x00, 0x00, 0x00, 0x00, 0x00, 0x00,
    0x00, 0x00, 0x00, 0x00, 0x00, 0x00, 0x00, 0x00, 0x00, 0x00, 0x00, 0x00,
    0x00, 0x00, 0x00, 0x00, 0x00, 0x00, 0x00, 0x00, 0x00, 0x00, 0x00, 0x00,
    0x00, 0x00, 0x00, 0x00, 0x00, 0x00, 0x00, 0x00, 0x00, 0x00, 0x00, 0x00,
    0x00, 0x00, 0x00, 0x00, 0x00, 0x00, 0x00, 0x00, 0x00, 0x00, 0x00, 0x00,
    0x00, 0x00, 0x00, 0x00, 0x00, 0x00, 0x00, 0x00, 0x00, 0x00, 0x00, 0x00,
    0x00, 0x00, 0x00, 0x00, 0x00, 0x00, 0x00, 0x00, 0x00, 0x00, 0x00, 0x00,
    0x00, 0x00, 0x00, 0x00, 0x00, 0x00, 0x00, 0x00, 0x00, 0x00, 0x00, 0x00,
    0x00, 0x00, 0x00, 0x00, 0x00, 0x00, 0x00, 0x00, 0x00, 0x00, 0x00, 0x00,
    0x00, 0x00, 0x00, 0x00, 0x00, 0x00, 0x00, 0x00, 0x00, 0x00, 0x00, 0x00,
    0x00, 0x00, 0x00, 0x00, 0x00, 0x00, 0x00, 0x00, 0x00, 0x00, 0x00, 0x00,
    0x00, 0x00, 0x00, 0x00, 0x00, 0x00, 0x00, 0x00, 0x00, 0x00, 0x00, 0x00,
    0x00, 0x00, 0x00, 0x00, 0x00, 0x00, 0x00, 0x00, 0x00, 0x00, 0x00, 0x00,
    0x00, 0x00, 0x00, 0x00, 0x00, 0x00, 0x00, 0x00, 0x00, 0x00, 0x00, 0x00,
    0x00, 0x00, 0x00, 0x00, 0x00, 0x00, 0x00, 0x00, 0x00, 0x00, 0x00, 0x00,
    0x00, 0x00, 0x00, 0x00, 0x00, 0x00, 0x00, 0x00, 0x00, 0x00, 0x00, 0x00,
    0x00, 0x00, 0x00, 0x00, 0x00, 0x00, 0x00, 0x00, 0x00, 0x00, 0x00, 0x00,
    0x00, 0x00, 0x00, 0x00, 0x00, 0x00, 0x00, 0x00, 0x00, 0x00, 0x00, 0x00,
    0x00, 0x00, 0x00, 0x00, 0x00, 0x00, 0x00, 0x00, 0x00, 0x00, 0x00, 0x00,
    0x00, 0x00, 0x00, 0x00, 0x00, 0x00, 0x00, 0x00, 0x00, 0x00, 0x00, 0x00,
    0x00, 0x00, 0x00, 0x00, 0x00, 0x00, 0x00, 0x00, 0x00, 0x00, 0x00, 0x00,
    0x00, 0x00, 0x00, 0x00, 0x00, 0x00, 0x00, 0x00, 0x00, 0x00, 0x00, 0x00,
    0x00, 0x00, 0x00, 0x00, 0x00, 0x00, 0x00, 0x00, 0x00, 0x00, 0x00, 0x00,
    0x00, 0x00, 0x00, 0x00, 0x00, 0x00, 0x00, 0x00, 0x00, 0x00, 0x00, 0x00,
    0x00, 0x00, 0x00, 0x00, 0x00, 0x00, 0x00, 0x00, 0x00, 0x00, 0x00, 0x00,
    0x00, 0x00, 0x00, 0x00, 0x00, 0x00, 0x00, 0x00, 0x00, 0x00, 0x00, 0x00,
    0x00, 0x00, 0x00, 0x00, 0x00, 0x00, 0x00, 0x00, 0x00, 0x00, 0x00, 0x00,
    0x00, 0x00, 0x00, 0x00, 0x00, 0x00, 0x00, 0x00, 0x00, 0x00, 0x00, 0x00,
    0x00, 0x00, 0x00, 0x00, 0x00, 0x00, 0x00, 0x00, 0x00, 0x00, 0x00, 0x00,
    0x00, 0x00, 0x00, 0x00, 0x00, 0x00, 0x00, 0x00, 0x00, 0x00, 0x00, 0x00,
    0x00, 0x00, 0x00, 0x00, 0x00, 0x00, 0x00, 0x00, 0x00, 0x00, 0x00, 0x00,
    0x00, 0x00, 0x00, 0x00, 0x00, 0x00, 0x00, 0x00, 0x00, 0x00, 0x00, 0x00,
    0x00, 0x00, 0x00, 0x00, 0x00, 0x00, 0x00, 0x00, 0x00, 0x00, 0x00, 0x00,
    0x00, 0x00, 0x00, 0x00, 0x00, 0x00, 0x00, 0x00, 0x00, 0x00, 0x00, 0x00,
    0x00, 0x00, 0x00, 0x00, 0x00, 0x00, 0x00, 0x00, 0x00, 0x00, 0x00, 0x00,
    0x00, 0x00, 0x00, 0x00, 0x00, 0x00, 0x00, 0x00, 0x00, 0x00, 0x00, 0x00,
    0x00, 0x00, 0x00, 0x00, 0x00, 0x00, 0x00, 0x00, 0x00, 0x00, 0x00, 0x00,
    0x00, 0x00, 0x00, 0x00, 0x00, 0x00, 0x00, 0x00, 0x00, 0x00, 0x00, 0x00,
    0x00, 0x00, 0x00, 0x00, 0x00, 0x00, 0x00, 0x00, 0x00, 0x00, 0x00, 0x00,
    0x00, 0x00, 0x00, 0x00, 0x00, 0x00, 0x00, 0x00, 0x00, 0x00, 0x00, 0x00,
    0x00, 0x00, 0x00, 0x00, 0x00, 0x00, 0x00, 0x00, 0x00, 0x00, 0x00, 0x00,
    0x00, 0x00, 0x00, 0x00, 0x00, 0x00, 0x00, 0x00, 0x00, 0x00, 0x00, 0x00,
    0x00, 0x00, 0x00, 0x00, 0x00, 0x00, 0x00, 0x00, 0x00, 0x00, 0x00, 0x00,
    0x00, 0x00, 0x00, 0x00, 0x00, 0x00, 0x00, 0x00, 0x00, 0x00, 0x00, 0x00,
    0x00, 0x00, 0x00, 0x00, 0x00, 0x00, 0x00, 0x00, 0x00, 0x00, 0x00, 0x00,
    0x00, 0x00, 0x00, 0x00, 0x00, 0x00, 0x00, 0x00, 0x00, 0x00, 0x00, 0x00,
    0x00, 0x00, 0x00, 0x00, 0x00, 0x00, 0x00, 0x00, 0x00, 0x00, 0x00, 0x00,
    0x00, 0x00, 0x00, 0x00, 0x00, 0x00, 0x00, 0x00, 0x00, 0x00, 0x00, 0x00,
    0x00, 0x00, 0x00, 0x00, 0x00, 0x00, 0x00, 0x00, 0x00, 0x00, 0x00, 0x00,
    0x00, 0x00, 0x00, 0x00, 0x00, 0x00, 0x00, 0x00, 0x00, 0x00, 0x00, 0x00,
    0x00, 0x00, 0x00, 0x00, 0x00, 0x00, 0x00, 0x00, 0x00, 0x00, 0x00, 0x00,
    0x00, 0x00, 0x00, 0x00, 0x00, 0x00, 0x00, 0x00, 0x00, 0x00, 0x00, 0x00,
    0x00, 0x00, 0x00, 0x00, 0x00, 0x00, 0x00, 0x00, 0x00, 0x00, 0x00, 0x00,
    0x00, 0x00, 0x00, 0x00, 0x00, 0x00, 0x00, 0x00, 0x00, 0x00, 0x00, 0x00,
    0x00, 0x00, 0x00, 0x00, 0x00, 0x00, 0x00, 0x00, 0x00, 0x00, 0x00, 0x00,
    0x00, 0x00, 0x00, 0x00, 0x00, 0x00, 0x00, 0x00, 0x00, 0x00, 0x00, 0x00,
    0x00, 0x00, 0x00, 0x00, 0x00, 0x00, 0x00, 0x00, 0x00, 0x00, 0x00, 0x00,
    0x00, 0x00, 0x00, 0x00, 0x00, 0x00, 0x00, 0x00, 0x00, 0x00, 0x00, 0x00,
    0x00, 0x00, 0x00, 0x00, 0x00, 0x00, 0x00, 0x00, 0x00, 0x00, 0x00, 0x00,
    0x00, 0x00, 0x00, 0x00, 0x00, 0x00, 0x00, 0x00, 0x00, 0x00, 0x00, 0x00,
    0x00, 0x00, 0x00, 0x00, 0x00, 0x00, 0x00, 0x00, 0x00, 0x00, 0x00, 0x00,
    0x00, 0x00, 0x00, 0x00, 0x00, 0x00, 0x00, 0x00, 0x00, 0x00, 0x00, 0x00,
    0x00, 0x00, 0x00, 0x00, 0x00, 0x00, 0x00, 0x00, 0x00, 0x00, 0x00, 0x00,
    0x00, 0x00, 0x00, 0x00, 0x00, 0x00, 0x00, 0x00, 0x00, 0x00, 0x00, 0x00,
    0x00, 0x00, 0x00, 0x00, 0x00, 0x00, 0x00, 0x00, 0x00, 0x00, 0x00, 0x00,
    0x00, 0x00, 0x00, 0x00, 0x00, 0x00, 0x00, 0x00, 0x00, 0x00, 0x00, 0x00,
    0x00, 0x00, 0x00, 0x00, 0x00, 0x00, 0x00, 0x00, 0x00, 0x00, 0x00, 0x00,
    0x00, 0x00, 0x00, 0x00, 0x00, 0x00, 0x00, 0x00, 0x00, 0x00, 0x00, 0x00,
    0x00, 0x00, 0x00, 0x00, 0x00, 0x00, 0x00, 0x00, 0x00, 0x00, 0x00, 0x00,
    0x00, 0x00, 0x00, 0x00, 0x00, 0x00, 0x00, 0x00, 0x00, 0x00, 0x00, 0x00,
    0x00, 0x00, 0x00, 0x00, 0x00, 0x00, 0x00, 0x00, 0x00, 0x00, 0x00, 0x00,
    0x00, 0x00, 0x00, 0x00, 0x00, 0x00, 0x00, 0x00, 0x00, 0x00, 0x00, 0x00,
    0x00, 0x00, 0x00, 0x00, 0x00, 0x00, 0x00, 0x00, 0x00, 0x00, 0x00, 0x00,
    0x00, 0x00, 0x00, 0x00, 0x00, 0x00, 0x00, 0x00, 0x00, 0x00, 0x00, 0x00,
    0x00, 0x00, 0x00, 0x00, 0x00, 0x00, 0x00, 0x00, 0x00, 0x00, 0x00, 0x00,
    0x00, 0x00, 0x00, 0x00, 0x00, 0x00, 0x00, 0x00, 0x00, 0x00, 0x00, 0x00,
    0x00, 0x00, 0x00, 0x00, 0x00, 0x00, 0x00, 0x00, 0x00, 0x00, 0x00, 0x00,
    0x00, 0x00, 0x00, 0x00, 0x00, 0x00, 0x00, 0x00, 0x00, 0x00, 0x00, 0x00,
    0x00, 0x00, 0x00, 0x00, 0x00, 0x00, 0x00, 0x00, 0x00, 0x00, 0x00, 0x00,
    0x00, 0x00, 0x00, 0x00, 0x00, 0x00, 0x00, 0x00, 0x00, 0x00, 0x00, 0x00,
    0x00, 0x00, 0x00, 0x00, 0x00, 0x00, 0x00, 0x00, 0x00, 0x00, 0x00, 0x00,
    0x00, 0x00, 0x00, 0x00, 0x00, 0x00, 0x00, 0x00, 0x00, 0x00, 0x00, 0x00,
    0x00, 0x00, 0x00, 0x00, 0x00, 0x00, 0x00, 0x00, 0x00, 0x00, 0x00, 0x00,
    0x00, 0x00, 0x00, 0x00, 0x00, 0x00, 0x00, 0x00, 0x00, 0x00, 0x00, 0x00,
    0x00, 0x00, 0x00, 0x00, 0x00, 0x00, 0x00, 0x00, 0x00, 0x00, 0x00, 0x00,
    0x00, 0x00, 0x00, 0x00, 0x00, 0x00, 0x00, 0x00, 0x00, 0x00, 0x00, 0x00,
    0x00, 0x00, 0x00, 0x00, 0x00, 0x00, 0x00, 0x00, 0x00, 0x00, 0x00, 0x00,
    0x00, 0x00, 0x00, 0x00, 0x00, 0x00, 0x00, 0x00, 0x00, 0x00, 0x00, 0x00,
    0x00, 0x00, 0x00, 0x00, 0x00, 0x00, 0x00, 0x00, 0x00, 0x00, 0x00, 0x00,
    0x00, 0x00, 0x00, 0x00, 0x00, 0x00, 0x00, 0x00, 0x00, 0x00, 0x00, 0x00,
    0x00, 0x00, 0x00, 0x00, 0x00, 0x00, 0x00, 0x00, 0x00, 0x00, 0x00, 0x00,
    0x00, 0x00, 0x00, 0x00, 0x00, 0x00, 0x00, 0x00, 0x00, 0x00, 0x00, 0x00,
    0x00, 0x00, 0x00, 0x00, 0x00, 0x00, 0x00, 0x00, 0x00, 0x00, 0x00, 0x00,
    0x00, 0x00, 0x00, 0x00, 0x00, 0x00, 0x00, 0x00, 0x00, 0x00, 0x00, 0x00,
    0x00, 0x00, 0x00, 0x00, 0x00, 0x00, 0x00, 0x00, 0x00, 0x00, 0x00, 0x00,
    0x00, 0x00, 0x00, 0x00, 0x00, 0x00, 0x00, 0x00, 0x00, 0x00, 0x00, 0x00,
    0x00, 0x00, 0x00, 0x00, 0x00, 0x00, 0x00, 0x00, 0x00, 0x00, 0x00, 0x00,
    0x00, 0x00, 0x00, 0x00, 0x00, 0x00, 0x00, 0x00, 0x00, 0x00, 0x00, 0x00,
    0x00, 0x00, 0x00, 0x00, 0x00, 0x00, 0x00, 0x00, 0x00, 0x00, 0x00, 0x00,
    0x00, 0x00, 0x00, 0x00, 0x00, 0x00, 0x00, 0x00, 0x00, 0x00, 0x00, 0x00,
    0x00, 0x00, 0x00, 0x00, 0x00, 0x00, 0x00, 0x00, 0x00, 0x00, 0x00, 0x00,
    0x00, 0x00, 0x00, 0x00, 0x00, 0x00, 0x00, 0x00, 0x00, 0x00, 0x00, 0x00,
    0x00, 0x00, 0x00, 0x00, 0x00, 0x00, 0x00, 0x00, 0x00, 0x00, 0x00, 0x00,
    0x00, 0x00, 0x00, 0x00, 0x00, 0x00, 0x00, 0x00, 0x00, 0x00, 0x00, 0x00,
    0x00, 0x00, 0x00, 0x00, 0x00, 0x00, 0x00, 0x00, 0x00, 0x00, 0x00, 0x00,
    0x00, 0x00, 0x00, 0x00, 0x00, 0x00, 0x00, 0x00, 0x00, 0x00, 0x00, 0x00,
    0x00, 0x00, 0x00, 0x00, 0x00, 0x00, 0x00, 0x00, 0x00, 0x00, 0x00, 0x00,
    0x00, 0x00, 0x00, 0x00, 0x00, 0x00, 0x00, 0x00, 0x00, 0x00, 0x00, 0x00,
    0x00, 0x00, 0x00, 0x00, 0x00, 0x00, 0x00, 0x00, 0x00, 0x00, 0x00, 0x00,
    0x00, 0x00, 0x00, 0x00, 0x00, 0x00, 0x00, 0x00, 0x00, 0x00, 0x00, 0x00,
    0x00, 0x00, 0x00, 0x00, 0x00, 0x00, 0x00, 0x00, 0x00, 0x00, 0x00, 0x00,
    0x00, 0x00, 0x00, 0x00, 0x00, 0x00, 0x00, 0x00, 0x00, 0x00, 0x00, 0x00,
    0x00, 0x00, 0x00, 0x00, 0x00, 0x00, 0x00, 0x00, 0x00, 0x00, 0x00, 0x00,
    0x00, 0x00, 0x00, 0x00, 0x00, 0x00, 0x00, 0x00, 0x00, 0x00, 0x00, 0x00,
    0x00, 0x00, 0x00, 0x00, 0x00, 0x00, 0x00, 0x00, 0x00, 0x00, 0x00, 0x00,
    0x00, 0x00, 0x00, 0x00, 0x00, 0x00, 0x00, 0x00, 0x00, 0x00, 0x00, 0x00,
    0x00, 0x00, 0x00, 0x00, 0x00, 0x00, 0x00, 0x00, 0x00, 0x00, 0x00, 0x00,
    0x00, 0x00, 0x00, 0x00, 0x00, 0x00, 0x00, 0x00, 0x00, 0x00, 0x00, 0x00,
    0x00, 0x00, 0x00, 0x00, 0x00, 0x00, 0x00, 0x00, 0x00, 0x00, 0x00, 0x00,
    0x00, 0x00, 0x00, 0x00, 0x00, 0x00, 0x00, 0x00, 0x00, 0x00, 0x00, 0x00,
    0x00, 0x00, 0x00, 0x00, 0x00, 0x00, 0x00, 0x00, 0x00, 0x00, 0x00, 0x00,
    0x00, 0x00, 0x00, 0x00, 0x00, 0x00, 0x00, 0x00, 0x00, 0x00, 0x00, 0x00,
    0x00, 0x00, 0x00, 0x00, 0x00, 0x00, 0x00, 0x00, 0x00, 0x00, 0x00, 0x00,
    0x00, 0x00, 0x00, 0x00, 0x00, 0x00, 0x00, 0x00, 0x00, 0x00, 0x00, 0x00,
    0x00, 0x00, 0x00, 0x00, 0x00, 0x00, 0x00, 0x00, 0x00, 0x00, 0x00, 0x00,
    0x00, 0x00, 0x00, 0x00, 0x00, 0x00, 0x00, 0x00, 0x00, 0x00, 0x00, 0x00,
    0x00, 0x00, 0x00, 0x00, 0x00, 0x00, 0x00, 0x00, 0x00, 0x00, 0x00, 0x00,
    0x00, 0x00, 0x00, 0x00, 0x00, 0x00, 0x00, 0x00, 0x00, 0x00, 0x00, 0x00,
    0x00, 0x00, 0x00, 0x00, 0x00, 0x00, 0x00, 0x00, 0x00, 0x00, 0x00, 0x00,
    0x00, 0x00, 0x00, 0x00, 0x00, 0x00, 0x00, 0x00, 0x00, 0x00, 0x00, 0x00,
    0x00, 0x00, 0x00, 0x00, 0x00, 0x00, 0x00, 0x00, 0x00, 0x00, 0x00, 0x00,
    0x00, 0x00, 0x00, 0x00, 0x00, 0x00, 0x00, 0x00, 0x00, 0x00, 0x00, 0x00,
    0x00, 0x00, 0x00, 0x00, 0x00, 0x00, 0x00, 0x00, 0x00, 0x00, 0x00, 0x00,
    0x00, 0x00, 0x00, 0x00, 0x00, 0x00, 0x00, 0x00, 0x00, 0x00, 0x00, 0x00,
    0x00, 0x00, 0x00, 0x00, 0x00, 0x00, 0x00, 0x00, 0x00, 0x00, 0x00, 0x00,
    0x00, 0x00, 0x00, 0x00, 0x00, 0x00, 0x00, 0x00, 0x00, 0x00, 0x00, 0x00,
    0x00, 0x00, 0x00, 0x00, 0x00, 0x00, 0x00, 0x00, 0x00, 0x00, 0x00, 0x00,
    0x00, 0x00, 0x00, 0x00, 0x00, 0x00, 0x00, 0x00, 0x00, 0x00, 0x00, 0x00,
    0x00, 0x00, 0x00, 0x00, 0x00, 0x00, 0x00, 0x00, 0x00, 0x00, 0x00, 0x00,
    0x00, 0x00, 0x00, 0x00, 0x00, 0x00, 0x00, 0x00, 0x00, 0x00, 0x00, 0x00,
    0x00, 0x00, 0x00, 0x00, 0x00, 0x00, 0x00, 0x00, 0x00, 0x00, 0x00, 0x00,
    0x00, 0x00, 0x00, 0x00, 0x00, 0x00, 0x00, 0x00, 0x00, 0x00, 0x00, 0x00,
    0x00, 0x00, 0x00, 0x00, 0x00, 0x00, 0x00, 0x00, 0x00, 0x00, 0x00, 0x00,
    0x00, 0x00, 0x00, 0x00, 0x00, 0x00, 0x00, 0x00, 0x00, 0x00, 0x00, 0x00,
    0x00, 0x00, 0x00, 0x00, 0x00, 0x00, 0x00, 0x00, 0x00, 0x00, 0x00, 0x00,
    0x00, 0x00, 0x00, 0x00, 0x00, 0x00, 0x00, 0x00, 0x00, 0x00, 0x00, 0x00,
    0x00, 0x00, 0x00, 0x00, 0x00, 0x00, 0x00, 0x00, 0x00, 0x00, 0x00, 0x00,
    0x00, 0x00, 0x00, 0x00, 0x00, 0x00, 0x00, 0x00, 0x00, 0x00, 0x00, 0x00,
    0x00, 0x00, 0x00, 0x00, 0x00, 0x00, 0x00, 0x00, 0x00, 0x00, 0x00, 0x00,
    0x00, 0x00, 0x00, 0x00, 0x00, 0x00, 0x00, 0x00, 0x00, 0x00, 0x00, 0x00,
    0x00, 0x00, 0x00, 0x00, 0x00, 0x00, 0x00, 0x00, 0x00, 0x00, 0x00, 0x00,
    0x00, 0x00, 0x00, 0x00, 0x00, 0x00, 0x00, 0x00, 0x00, 0x00, 0x00, 0x00,
    0x00, 0x00, 0x00, 0x00, 0x00, 0x00, 0x00, 0x00, 0x00, 0x00, 0x00, 0x00,
    0x00, 0x00, 0x00, 0x00, 0x00, 0x00, 0x00, 0x00, 0x00, 0x00, 0x00, 0x00,
    0x00, 0x00, 0x00, 0x00, 0x00, 0x00, 0x00, 0x00, 0x00, 0x00, 0x00, 0x00,
    0x00, 0x00, 0x00, 0x00, 0x00, 0x00, 0x00, 0x00, 0x00, 0x00, 0x00, 0x00,
    0x00, 0x00, 0x00, 0x00, 0x00, 0x00, 0x00, 0x00, 0x00, 0x00, 0x00, 0x00,
    0x00, 0x00, 0x00, 0x00, 0x00, 0x00, 0x00, 0x00, 0x00, 0x00, 0x00, 0x00,
    0x00, 0x00, 0x00, 0x00, 0x00, 0x00, 0x00, 0x00, 0x00, 0x00, 0x00, 0x00,
    0x00, 0x00, 0x00, 0x00, 0x00, 0x00, 0x00, 0x00, 0x00, 0x00, 0x00, 0x00,
    0x00, 0x00, 0x00, 0x00, 0x00, 0x00, 0x00, 0x00, 0x00, 0x00, 0x00, 0x00,
    0x00, 0x00, 0x00, 0x00, 0x00, 0x00, 0x00, 0x00, 0x00, 0x00, 0x00, 0x00,
    0x00, 0x00, 0x00, 0x00, 0x00, 0x00, 0x00, 0x00, 0x00, 0x00, 0x00, 0x00,
    0x00, 0x00, 0x00, 0x00, 0x00, 0x00, 0x00, 0x00, 0x00, 0x00, 0x00, 0x00,
    0x00, 0x00, 0x00, 0x00, 0x00, 0x00, 0x00, 0x00, 0x00, 0x00, 0x00, 0x00,
    0x00, 0x00, 0x00, 0x00, 0x00, 0x00, 0x00, 0x00, 0x00, 0x00, 0x00, 0x00,
    0x00, 0x00, 0x00, 0x00, 0x00, 0x00, 0x00, 0x00, 0x00, 0x00, 0x00, 0x00,
    0x00, 0x00, 0x00, 0x00, 0x00, 0x00, 0x00, 0x00, 0x00, 0x00, 0x00, 0x00,
    0x00, 0x00, 0x00, 0x00, 0x00, 0x00, 0x00, 0x00, 0x00, 0x00, 0x00, 0x00,
    0x00, 0x00, 0x00, 0x00, 0x00, 0x00, 0x00, 0x00, 0x00, 0x00, 0x00, 0x00,
    0x00, 0x00, 0x00, 0x00, 0x00, 0x00, 0x00, 0x00, 0x00, 0x00, 0x00, 0x00,
    0x00, 0x00, 0x00, 0x00, 0x00, 0x00, 0x00, 0x00, 0x00, 0x00, 0x00, 0x00,
    0x00, 0x00, 0x00, 0x00, 0x00, 0x00, 0x00, 0x00, 0x00, 0x00, 0x00, 0x00,
    0x00, 0x00, 0x00, 0x00, 0x00, 0x00, 0x00, 0x00, 0x00, 0x00, 0x00, 0x00,
    0x00, 0x00, 0x00, 0x00, 0x00, 0x00, 0x00, 0x00, 0x00, 0x00, 0x00, 0x00,
    0x00, 0x00, 0x00, 0x00, 0x00, 0x00, 0x00, 0x00, 0x00, 0x00, 0x00, 0x00,
    0x00, 0x00, 0x00, 0x00, 0x00, 0x00, 0x00, 0x00, 0x00, 0x00, 0x00, 0x00,
    0x00, 0x00, 0x00, 0x00, 0x00, 0x00, 0x00, 0x00, 0x00, 0x00, 0x00, 0x00,
    0x00, 0x00, 0x00, 0x00, 0x00, 0x00, 0x00, 0x00, 0x00, 0x00, 0x00, 0x00,
    0x00, 0x00, 0x00, 0x00, 0x00, 0x00, 0x00, 0x00, 0x00, 0x00, 0x00, 0x00,
    0x00, 0x00, 0x00, 0x00, 0x00, 0x00, 0x00, 0x00, 0x00, 0x00, 0x00, 0x00,
    0x00, 0x00, 0x00, 0x00, 0x00, 0x00, 0x00, 0x00, 0x00, 0x00, 0x00, 0x00,
    0x00, 0x00, 0x00, 0x00, 0x00, 0x00, 0x00, 0x00, 0x00, 0x00, 0x00, 0x00,
    0x00, 0x00, 0x00, 0x00, 0x00, 0x00, 0x00, 0x00, 0x00, 0x00, 0x00, 0x00,
    0x00, 0x00, 0x00, 0x00, 0x00, 0x00, 0x00, 0x00, 0x00, 0x00, 0x00, 0x00,
    0x00, 0x00, 0x00, 0x00, 0x00, 0x00, 0x00, 0x00, 0x00, 0x00, 0x00, 0x00,
    0x00, 0x00, 0x00, 0x00, 0x00, 0x00, 0x00, 0x00, 0x00, 0x00, 0x00, 0x00,
    0x00, 0x00, 0x00, 0x00, 0x00, 0x00, 0x00, 0x00, 0x00, 0x00, 0x00, 0x00,
    0x00, 0x00, 0x00, 0x00, 0x00, 0x00, 0x00, 0x00, 0x00, 0x00, 0x00, 0x00,
    0x00, 0x00, 0x00, 0x00, 0x00, 0x00, 0x00, 0x00, 0x00, 0x00, 0x00, 0x00,
    0x00, 0x00, 0x00, 0x00, 0x00, 0x00, 0x00, 0x00, 0x00, 0x00, 0x00, 0x00,
    0x00, 0x00, 0x00, 0x00, 0x00, 0x00, 0x00, 0x00, 0x00, 0x00, 0x00, 0x00,
    0x00, 0x00, 0x00, 0x00, 0x00, 0x00, 0x00, 0x00, 0x00, 0x00, 0x00, 0x00,
    0x00, 0x00, 0x00, 0x00, 0x00, 0x00, 0x00, 0x00, 0x00, 0x00, 0x00, 0x00,
    0x00, 0x00, 0x00, 0x00, 0x00, 0x00, 0x00, 0x00, 0x00, 0x00, 0x00, 0x00,
    0x00, 0x00, 0x00, 0x00, 0x00, 0x00, 0x00, 0x00, 0x00, 0x00, 0x00, 0x00,
    0x00, 0x00, 0x00, 0x00, 0x00, 0x00, 0x00, 0x00, 0x00, 0x00, 0x00, 0x00,
    0x00, 0x00, 0x00, 0x00, 0x00, 0x00, 0x00, 0x00, 0x00, 0x00, 0x00, 0x00,
    0x00, 0x00, 0x00, 0x00, 0x13, 0x01, 0x01, 0xf6, 0x23, 0x3c, 0x11, 0x08,
    0x23, 0x38, 0x81, 0x08, 0x23, 0x34, 0x91, 0x08, 0x23, 0x30, 0x21, 0x09,
    0x23, 0x3c, 0x31, 0x07, 0x23, 0x38, 0x41, 0x07, 0x23, 0x34, 0x51, 0x07,
    0x23, 0x30, 0x61, 0x07, 0x23, 0x3c, 0x71, 0x05, 0x23, 0x38, 0x81, 0x05,
    0x23, 0x34, 0x91, 0x05, 0x23, 0x30, 0xa1, 0x05, 0x23, 0x3c, 0xb1, 0x03,
    0x37, 0x35, 0x01, 0x00, 0x13, 0x05, 0x05, 0xb9, 0x93, 0x05, 0x00, 0x10,
    0x93, 0x08, 0x40, 0x40, 0x13, 0x06, 0x00, 0x00, 0x73, 0x00, 0x00, 0x00,
    0x63, 0x50, 0xa0, 0x0c, 0x37, 0x07, 0x00, 0x80, 0x1b, 0x07, 0xf7, 0xff,
    0xb7, 0x36, 0x01, 0x00, 0x93, 0x86, 0x06, 0xb9, 0x93, 0x08, 0x00, 0x40,
    0x93, 0x05, 0x00, 0x00, 0x13, 0x06, 0x00, 0x00, 0x13, 0x85, 0x06, 0x00,
    0x73, 0x00, 0x00, 0x00, 0x93, 0x05, 0x17, 0x00, 0xb3, 0x75, 0xb5, 0x00,
    0x63, 0x8c, 0x05, 0x0c, 0xb7, 0x25, 0x01, 0x00, 0x93, 0x85, 0xb5, 0xb4,
    0x13, 0x06, 0x40, 0x00, 0x93, 0x08, 0x00, 0x04, 0x13, 0x05, 0x10, 0x00,
    0x73, 0x00, 0x00, 0x00, 0x13, 0x06, 0x00, 0x00, 0x33, 0x85, 0xc6, 0x00,
    0x03, 0x45, 0x05, 0x00, 0x13, 0x06, 0x16, 0x00, 0xe3, 0x1a, 0x05, 0xfe,
    0x13, 0x06, 0xf6, 0xff, 0xb7, 0x35, 0x01, 0x00, 0x93, 0x85, 0x05, 0xb9,
    0x93, 0x08, 0x00, 0x04, 0x13, 0x05, 0x10, 0x00, 0x73, 0x00, 0x00, 0x00,
    0xb7, 0x25, 0x01, 0x00, 0x93, 0x85, 0x05, 0xb0, 0x13, 0x06, 0xd0, 0x00,
    0x93, 0x08, 0x00, 0x04, 0x13, 0x05, 0x10, 0x00, 0x73, 0x00, 0x00, 0x00,
    0xb7, 0x25, 0x01, 0x00, 0x93, 0x85, 0x45, 0xb4, 0x13, 0x06, 0x10, 0x00,
    0x93, 0x08, 0x00, 0x04, 0x13, 0x05, 0x10, 0x00, 0x73, 0x00, 0x00, 0x00,
    0x93, 0x08, 0xd0, 0x05, 0x13, 0x05, 0x10, 0x00, 0x93, 0x05, 0x00, 0x00,
    0x13, 0x06, 0x00, 0x00, 0x73, 0x00, 0x00, 0x00, 0x6f, 0x00, 0x00, 0x00,
    0xb7, 0x25, 0x01, 0x00, 0x93, 0x85, 0x15, 0xad, 0x13, 0x06, 0x30, 0x01,
    0x93, 0x08, 0x00, 0x04, 0x13, 0x05, 0x10, 0x00, 0x73, 0x00, 0x00, 0x00,
    0xb7, 0x25, 0x01, 0x00, 0x93, 0x85, 0x45, 0xb4, 0x13, 0x06, 0x10, 0x00,
    0x93, 0x08, 0x00, 0x04, 0x13, 0x05, 0x10, 0x00, 0x73, 0x00, 0x00, 0x00,
    0x93, 0x08, 0xd0, 0x05, 0x13, 0x05, 0x10, 0x00, 0x93, 0x05, 0x00, 0x00,
    0x13, 0x06, 0x00, 0x00, 0x73, 0x00, 0x00, 0x00, 0x6f, 0x00, 0x00, 0x00,
    0x13, 0x08, 0x00, 0x00, 0x33, 0x77, 0xe5, 0x00, 0xb7, 0x32, 0x01, 0x00,
    0x93, 0x82, 0x02, 0xc9, 0xb7, 0x47, 0x00, 0x00, 0x9b, 0x87, 0xf7, 0xff,
    0x93, 0x08, 0xf0, 0x03, 0xb3, 0x85, 0x02, 0x01, 0x33, 0x86, 0x07, 0x41,
    0x13, 0x05, 0x07, 0x00, 0x73, 0x00, 0x00, 0x00, 0xb3, 0x05, 0x05, 0x01,
    0x13, 0x83, 0x05, 0x00, 0x63, 0x44, 0xa0, 0x00, 0x13, 0x03, 0x08, 0x00,
    0x63, 0x56, 0xa0, 0x00, 0x13, 0x08, 0x03, 0x00, 0xe3, 0xec, 0xf5, 0xfc,
    0x93, 0x08, 0x90, 0x03, 0x93, 0x05, 0x00, 0x00, 0x13, 0x06, 0x00, 0x00,
    0x13, 0x05, 0x07, 0x00, 0x73, 0x00, 0x00, 0x00, 0x33, 0x85, 0x62, 0x00,
    0x23, 0x00, 0x05, 0x00, 0xe3, 0x44, 0x03, 0xec, 0x37, 0x35, 0x01, 0x00,
    0x03, 0x45, 0x05, 0xc9, 0x63, 0x08, 0x05, 0x52, 0x93, 0x05, 0xf0, 0xff,
    0x13, 0xde, 0x05, 0x02, 0xb7, 0x7e, 0x01, 0x00, 0x93, 0x8e, 0x0e, 0xc9,
    0x13, 0x8f, 0xfe, 0xff, 0x93, 0x8f, 0x5e, 0x00, 0x13, 0x84, 0x4e, 0x00,
    0x93, 0x04, 0x00, 0x02, 0x13, 0x09, 0x10, 0x00, 0x93, 0x09, 0x30, 0x02,
    0x13, 0x0a, 0x50, 0x06, 0xb7, 0x0c, 0x80, 0x00, 0x1b, 0x8d, 0x3c, 0x01,
    0x13, 0x1d, 0x9d, 0x00, 0x93, 0x0d, 0x90, 0x00, 0x93, 0x07, 0x81, 0x01,
    0x93, 0x0b, 0xe0, 0x1f, 0x93, 0x03, 0xa0, 0x00, 0x13, 0x8b, 0x02, 0x00,
    0x63, 0x0a, 0x05, 0x00, 0x63, 0x08, 0x75, 0x00, 0x03, 0x45, 0x1b, 0x00,
    0x13, 0x0b, 0x1b, 0x00, 0xe3, 0x1a, 0x05, 0xfe, 0x23, 0x00, 0x0b, 0x00,
    0x83, 0xc5, 0x02, 0x00, 0x63, 0x88, 0x05, 0x02, 0x13, 0x07, 0x00, 0x00,
    0x93, 0x82, 0x12, 0x00, 0x13, 0x06, 0x17, 0x00, 0x33, 0x88, 0xee, 0x00,
    0x23, 0x00, 0xb8, 0x00, 0x63, 0xee, 0xcb, 0x00, 0x33, 0x87, 0xe2, 0x00,
    0x83, 0x45, 0x07, 0x00, 0x13, 0x07, 0x06, 0x00, 0xe3, 0x92, 0x05, 0xfe,
    0x6f, 0x00, 0x80, 0x00, 0x13, 0x06, 0x00, 0x00, 0x33, 0x86, 0xce, 0x00,
    0x23, 0x00, 0x06, 0x00, 0x23, 0x00, 0xab, 0x00, 0xb3, 0x32, 0xa0, 0x00,
    0x93, 0x08, 0x04, 0x00, 0x13, 0x85, 0x0f, 0x00, 0x93, 0x05, 0x0f, 0x00,
    0x13, 0x86, 0x0e, 0x00, 0x03, 0x47, 0x06, 0x00, 0x1b, 0x83, 0x1c, 0x01,
    0x63, 0xe4, 0xe4, 0x02, 0x13, 0x18, 0x93, 0x00, 0x33, 0x58, 0xe8, 0x00,
    0x13, 0x78, 0x18, 0x00, 0x63, 0x0c, 0x08, 0x00, 0x13, 0x06, 0x16, 0x00,
    0x93, 0x85, 0x15, 0x00, 0x13, 0x05, 0x15, 0x00, 0x93, 0x88, 0x18, 0x00,
    0x6f, 0xf0, 0x5f, 0xfd, 0x13, 0x08, 0x00, 0x00, 0x13, 0x0c, 0x08, 0x00,
    0x33, 0x08, 0x06, 0x01, 0x83, 0x4a, 0x08, 0x00, 0x93, 0x80, 0x05, 0x00,
    0x13, 0x08, 0x1c, 0x00, 0x93, 0x85, 0x15, 0x00, 0xe3, 0x94, 0x0a, 0xfe,
    0x63, 0x08, 0x28, 0x03, 0xb3, 0x05, 0x80, 0x41, 0x03, 0xc7, 0x00, 0x00,
    0x63, 0xe0, 0xe4, 0x02, 0x33, 0x57, 0xed, 0x00, 0x13, 0x77, 0x17, 0x00,
    0x63, 0x0a, 0x07, 0x00, 0x23, 0x80, 0x00, 0x00, 0x93, 0x85, 0x15, 0x00,
    0x93, 0x80, 0xf0, 0xff, 0xe3, 0x90, 0x05, 0xfe, 0x03, 0x47, 0x06, 0x00,
    0x63, 0x06, 0x07, 0x32, 0x63, 0x04, 0x37, 0x33, 0x63, 0x14, 0x47, 0x07,
    0x83, 0x45, 0x16, 0x00, 0x13, 0x08, 0x30, 0x06, 0x63, 0x9e, 0x05, 0x05,
    0x83, 0x45, 0x26, 0x00, 0x13, 0x08, 0x80, 0x06, 0x63, 0x98, 0x05, 0x05,
    0x83, 0x45, 0x36, 0x00, 0x13, 0x08, 0xf0, 0x06, 0x63, 0x92, 0x05, 0x05,
    0x03, 0x48, 0x46, 0x00, 0xb7, 0x25, 0x01, 0x00, 0x93, 0x85, 0x55, 0xae,
    0x63, 0x0a, 0x08, 0x36, 0x63, 0x04, 0x98, 0x00, 0x63, 0x16, 0xb8, 0x03,
    0x83, 0x45, 0x56, 0x00, 0x63, 0xea, 0xb4, 0x30, 0x13, 0x17, 0x93, 0x00,
    0xb3, 0x55, 0xb7, 0x00, 0x93, 0xf5, 0x15, 0x00, 0x63, 0x82, 0x05, 0x30,
    0x13, 0x06, 0x16, 0x00, 0x13, 0x05, 0x15, 0x00, 0x93, 0x88, 0x18, 0x00,
    0x6f, 0xf0, 0xdf, 0xfd, 0x13, 0x05, 0x00, 0x00, 0x93, 0x08, 0x06, 0x00,
    0x93, 0x05, 0x05, 0x00, 0x13, 0x06, 0x16, 0x00, 0x63, 0x04, 0xb7, 0x01,
    0x63, 0x18, 0x97, 0x00, 0x03, 0xc7, 0x18, 0x00, 0x93, 0x88, 0x18, 0x00,
    0x6f, 0xf0, 0xdf, 0xfe, 0x63, 0x02, 0x07, 0x04, 0x13, 0x85, 0x15, 0x00,
    0x13, 0x97, 0x35, 0x00, 0x33, 0x87, 0xe7, 0x00, 0x23, 0x30, 0x17, 0x01,
    0x03, 0x47, 0xf6, 0xff, 0x63, 0x0a, 0x07, 0x02, 0x63, 0x08, 0xb7, 0x01,
    0x63, 0x06, 0x97, 0x00, 0x13, 0x06, 0x16, 0x00, 0x6f, 0xf0, 0xdf, 0xfe,
    0x03, 0x47, 0x06, 0x00, 0xa3, 0x0f, 0x06, 0xfe, 0x63, 0x0c, 0x07, 0x00,
    0x13, 0x08, 0x30, 0x00, 0xe3, 0xe2, 0x05, 0xfb, 0x6f, 0x00, 0xc0, 0x00,
    0x13, 0x85, 0x05, 0x00, 0x63, 0x88, 0x05, 0x24, 0x03, 0x33, 0x81, 0x01,
    0x83, 0x45, 0x03, 0x00, 0x63, 0x8c, 0x05, 0x12, 0x13, 0x06, 0x13, 0x00,
    0x93, 0x08, 0x06, 0x00, 0x13, 0x87, 0x05, 0x00, 0xb7, 0x20, 0x01, 0x00,
    0x93, 0x80, 0x00, 0xb5, 0x03, 0xcc, 0x00, 0x00, 0x63, 0x1c, 0x87, 0x01,
    0x03, 0xc7, 0x08, 0x00, 0x93, 0x80, 0x10, 0x00, 0x93, 0x88, 0x18, 0x00,
    0xe3, 0x16, 0x07, 0xfe, 0x03, 0xcc, 0x00, 0x00, 0x63, 0x12, 0x87, 0x05,
    0x1b, 0x05, 0x05, 0x00, 0x93, 0x05, 0x20, 0x00, 0x63, 0xd4, 0xa5, 0x56,
    0x03, 0x33, 0x01, 0x02, 0x03, 0x45, 0x03, 0x00, 0x63, 0x0a, 0x05, 0x12,
    0x13, 0x06, 0x13, 0x00, 0xb7, 0x25, 0x01, 0x00, 0x93, 0x85, 0x65, 0xb4,
    0x03, 0xc7, 0x05, 0x00, 0x63, 0x14, 0xe5, 0x12, 0x03, 0x45, 0x06, 0x00,
    0x93, 0x85, 0x15, 0x00, 0x13, 0x06, 0x16, 0x00, 0xe3, 0x16, 0x05, 0xfe,
    0x6f, 0x00, 0x40, 0x11, 0x93, 0x00, 0x06, 0x00, 0x93, 0x88, 0x05, 0x00,
    0x37, 0x27, 0x01, 0x00, 0x13, 0x07, 0x37, 0xb2, 0x03, 0x48, 0x07, 0x00,
    0x63, 0x9a, 0x08, 0x01, 0x83, 0xc8, 0x00, 0x00, 0x13, 0x07, 0x17, 0x00,
    0x93, 0x80, 0x10, 0x00, 0xe3, 0x96, 0x08, 0xfe, 0x03, 0x47, 0x07, 0x00,
    0x63, 0x96, 0xe8, 0x02, 0x1b, 0x05, 0x05, 0x00, 0x63, 0x54, 0xa9, 0x50,
    0x83, 0x35, 0x01, 0x02, 0x93, 0x08, 0x30, 0x40, 0x13, 0x06, 0x00, 0x00,
    0x37, 0x25, 0x01, 0x00, 0x13, 0x05, 0x85, 0xaf, 0x73, 0x00, 0x00, 0x00,
    0x63, 0x0e, 0x05, 0x16, 0x6f, 0x00, 0x80, 0x41, 0x63, 0x84, 0x05, 0x06,
    0x93, 0x08, 0x06, 0x00, 0x13, 0x87, 0x05, 0x00, 0xb7, 0x20, 0x01, 0x00,
    0x93, 0x80, 0xc0, 0xa7, 0x03, 0xcc, 0x00, 0x00, 0x63, 0x1c, 0x87, 0x01,
    0x03, 0xc7, 0x08, 0x00, 0x93, 0x80, 0x10, 0x00, 0x93, 0x88, 0x18, 0x00,
    0xe3, 0x16, 0x07, 0xfe, 0x03, 0xcc, 0x00, 0x00, 0x63, 0x1a, 0x87, 0x15,
    0x1b, 0x05, 0x05, 0x00, 0x63, 0x5c, 0xa9, 0x4a, 0xb7, 0x25, 0x01, 0x00,
    0x93, 0x85, 0x55, 0xae, 0x13, 0x06, 0x20, 0x00, 0x63, 0x04, 0xc5, 0x00,
    0x83, 0x35, 0x81, 0x02, 0x03, 0x35, 0x01, 0x02, 0x93, 0x08, 0x30, 0x40,
    0x13, 0x06, 0x00, 0x00, 0x73, 0x00, 0x00, 0x00, 0x63, 0x0a, 0x05, 0x10,
    0x6f, 0x00, 0x00, 0x45, 0x37, 0x27, 0x01, 0x00, 0x13, 0x07, 0x67, 0xae,
    0x03, 0x46, 0x07, 0x00, 0x63, 0x9e, 0xc5, 0x1c, 0x1b, 0x05, 0x05, 0x00,
    0x63, 0x58, 0xa9, 0x44, 0x03, 0x33, 0x01, 0x02, 0x93, 0x05, 0x81, 0x00,
    0x93, 0x08, 0x20, 0x40, 0x13, 0x06, 0x00, 0x00, 0x13, 0x05, 0x03, 0x00,
    0x73, 0x00, 0x00, 0x00, 0x33, 0x75, 0xc5, 0x01, 0x63, 0x14, 0x05, 0x26,
    0x03, 0x45, 0x01, 0x01, 0x13, 0x75, 0x95, 0x04, 0x63, 0x16, 0x05, 0x0c,
    0x6f, 0x00, 0x00, 0x2e, 0xb7, 0x25, 0x01, 0x00, 0x93, 0x85, 0x65, 0xb4,
    0x83, 0xc5, 0x05, 0x00, 0x63, 0x00, 0xb5, 0x02, 0x93, 0x05, 0x81, 0x00,
    0x93, 0x08, 0x20, 0x40, 0x13, 0x06, 0x00, 0x00, 0x13, 0x05, 0x03, 0x00,
    0x73, 0x00, 0x00, 0x00, 0x33, 0x75, 0xc5, 0x01, 0x63, 0x1a, 0x05, 0x34,
    0x13, 0x06, 0xc0, 0x00, 0x93, 0x08, 0x00, 0x04, 0x13, 0x05, 0x10, 0x00,
    0xb7, 0x25, 0x01, 0x00, 0x93, 0x85, 0xb5, 0xae, 0x73, 0x00, 0x00, 0x00,
    0x13, 0x06, 0x00, 0x00, 0x33, 0x05, 0xc3, 0x00, 0x03, 0x45, 0x05, 0x00,
    0x13, 0x06, 0x16, 0x00, 0xe3, 0x1a, 0x05, 0xfe, 0x13, 0x06, 0xf6, 0xff,
    0x93, 0x08, 0x00, 0x04, 0x13, 0x05, 0x10, 0x00, 0x93, 0x05, 0x03, 0x00,
    0x73, 0x00, 0x00, 0x00, 0x13, 0x06, 0x40, 0x00, 0x93, 0x08, 0x00, 0x04,
    0x13, 0x05, 0x10, 0x00, 0xb7, 0x25, 0x01, 0x00, 0x93, 0x85, 0x25, 0xa9,
    0x73, 0x00, 0x00, 0x00, 0x83, 0x35, 0x81, 0x02, 0x13, 0x06, 0x00, 0x00,
    0x33, 0x85, 0xc5, 0x00, 0x03, 0x45, 0x05, 0x00, 0x13, 0x06, 0x16, 0x00,
    0xe3, 0x1a, 0x05, 0xfe, 0x13, 0x06, 0xf6, 0xff, 0x93, 0x08, 0x00, 0x04,
    0x13, 0x05, 0x10, 0x00, 0x73, 0x00, 0x00, 0x00, 0x13, 0x06, 0x10, 0x00,
    0x93, 0x08, 0x00, 0x04, 0x13, 0x05, 0x10, 0x00, 0xb7, 0x25, 0x01, 0x00,
    0x93, 0x85, 0x45, 0xb4, 0x73, 0x00, 0x00, 0x00, 0xb3, 0x02, 0x5b, 0x00,
    0x03, 0xc5, 0x02, 0x00, 0xe3, 0x1c, 0x05, 0xbc, 0x6f, 0x00, 0x80, 0x0b,
    0x37, 0x27, 0x01, 0x00, 0x13, 0x07, 0x67, 0xae, 0x03, 0x48, 0x07, 0x00,
    0xe3, 0x90, 0x05, 0xef, 0x83, 0x45, 0x06, 0x00, 0x13, 0x07, 0x17, 0x00,
    0x13, 0x06, 0x16, 0x00, 0xe3, 0x96, 0x05, 0xfe, 0x6f, 0xf0, 0xdf, 0xec,
    0x13, 0x03, 0x00, 0x00, 0x93, 0x05, 0x56, 0x00, 0x03, 0x48, 0x05, 0x00,
    0x13, 0x06, 0x03, 0x00, 0x13, 0x87, 0x08, 0x00, 0x13, 0x03, 0xf3, 0xff,
    0x13, 0x05, 0x15, 0x00, 0x93, 0x88, 0x18, 0x00, 0xe3, 0x14, 0x08, 0xfe,
    0x13, 0x05, 0xf0, 0xff, 0x63, 0x04, 0xa3, 0x02, 0x03, 0x45, 0x07, 0x00,
    0x63, 0xe0, 0xa4, 0x02, 0x33, 0x55, 0xad, 0x00, 0x13, 0x75, 0x15, 0x00,
    0x63, 0x0a, 0x05, 0x00, 0x23, 0x00, 0x07, 0x00, 0x13, 0x06, 0x16, 0x00,
    0x13, 0x07, 0xf7, 0xff, 0xe3, 0x10, 0x06, 0xfe, 0x13, 0x06, 0x00, 0x00,
    0x33, 0x85, 0xc5, 0x00, 0x03, 0x45, 0x05, 0x00, 0x13, 0x06, 0x16, 0x00,
    0xe3, 0x1a, 0x05, 0xfe, 0x13, 0x06, 0xf6, 0xff, 0x93, 0x08, 0x00, 0x04,
    0x13, 0x05, 0x10, 0x00, 0x73, 0x00, 0x00, 0x00, 0x13, 0x06, 0x10, 0x00,
    0x93, 0x08, 0x00, 0x04, 0x13, 0x05, 0x10, 0x00, 0xb7, 0x25, 0x01, 0x00,
    0x93, 0x85, 0x45, 0xb4, 0x73, 0x00, 0x00, 0x00, 0x6f, 0xf0, 0x1f, 0xf4,
    0x93, 0x08, 0xd0, 0x05, 0x93, 0x05, 0x00, 0x00, 0x13, 0x06, 0x00, 0x00,
    0x13, 0x05, 0x00, 0x00, 0x73, 0x00, 0x00, 0x00, 0x6f, 0x00, 0x00, 0x00,
    0xb7, 0x25, 0x01, 0x00, 0x93, 0x85, 0xb5, 0xb4, 0x13, 0x06, 0x40, 0x00,
    0x93, 0x08, 0x00, 0x04, 0x13, 0x05, 0x10, 0x00, 0x73, 0x00, 0x00, 0x00,
    0x13, 0x06, 0x00, 0x00, 0x33, 0x85, 0xc6, 0x00, 0x03, 0x45, 0x05, 0x00,
    0x13, 0x06, 0x16, 0x00, 0xe3, 0x1a, 0x05, 0xfe, 0x13, 0x06, 0xf6, 0xff,
    0xb7, 0x35, 0x01, 0x00, 0x93, 0x85, 0x05, 0xb9, 0x93, 0x08, 0x00, 0x04,
    0x13, 0x05, 0x10, 0x00, 0x73, 0x00, 0x00, 0x00, 0xb7, 0x25, 0x01, 0x00,
    0x93, 0x85, 0x65, 0xb5, 0x13, 0x06, 0x80, 0x01, 0x93, 0x08, 0x00, 0x04,
    0x13, 0x05, 0x10, 0x00, 0x73, 0x00, 0x00, 0x00, 0x13, 0x06, 0x00, 0x00,
    0x33, 0x05, 0xc3, 0x00, 0x03, 0x45, 0x05, 0x00, 0x13, 0x06, 0x16, 0x00,
    0xe3, 0x1a, 0x05, 0xfe, 0x13, 0x06, 0xf6, 0xff, 0x93, 0x08, 0x00, 0x04,
    0x13, 0x05, 0x10, 0x00, 0x93, 0x05, 0x03, 0x00, 0x73, 0x00, 0x00, 0x00,
    0xb7, 0x25, 0x01, 0x00, 0x93, 0x85, 0x45, 0xb4, 0x13, 0x06, 0x10, 0x00,
    0x93, 0x08, 0x00, 0x04, 0x13, 0x05, 0x10, 0x00, 0x73, 0x00, 0x00, 0x00,
    0x93, 0x08, 0xd0, 0x05, 0x13, 0x05, 0x10, 0x00, 0x93, 0x05, 0x00, 0x00,
    0x13, 0x06, 0x00, 0x00, 0x73, 0x00, 0x00, 0x00, 0x6f, 0x00, 0x00, 0x00,
    0xb7, 0x25, 0x01, 0x00, 0x93, 0x85, 0xb5, 0xb4, 0x13, 0x06, 0x40, 0x00,
    0x93, 0x08, 0x00, 0x04, 0x13, 0x05, 0x10, 0x00, 0x73, 0x00, 0x00, 0x00,
    0x13, 0x06, 0x00, 0x00, 0x33, 0x05, 0xc3, 0x00, 0x03, 0x45, 0x05, 0x00,
    0x13, 0x06, 0x16, 0x00, 0xe3, 0x1a, 0x05, 0xfe, 0x13, 0x06, 0xf6, 0xff,
    0x93, 0x08, 0x00, 0x04, 0x13, 0x05, 0x10, 0x00, 0x93, 0x05, 0x03, 0x00,
    0x73, 0x00, 0x00, 0x00, 0xb7, 0x25, 0x01, 0x00, 0x93, 0x85, 0x45, 0xb8,
    0x13, 0x06, 0xb0, 0x00, 0x93, 0x08, 0x00, 0x04, 0x13, 0x05, 0x10, 0x00,
    0x73, 0x00, 0x00, 0x00, 0xb7, 0x25, 0x01, 0x00, 0x93, 0x85, 0x45, 0xb4,
    0x13, 0x06, 0x10, 0x00, 0x93, 0x08, 0x00, 0x04, 0x13, 0x05, 0x10, 0x00,
    0x73, 0x00, 0x00, 0x00, 0x93, 0x08, 0xd0, 0x05, 0x13, 0x05, 0x10, 0x00,
    0x93, 0x05, 0x00, 0x00, 0x13, 0x06, 0x00, 0x00, 0x73, 0x00, 0x00, 0x00,
    0x6f, 0x00, 0x00, 0x00, 0xb7, 0x25, 0x01, 0x00, 0x93, 0x85, 0xb5, 0xb4,
    0x13, 0x06, 0x40, 0x00, 0x93, 0x08, 0x00, 0x04, 0x13, 0x05, 0x10, 0x00,
    0x73, 0x00, 0x00, 0x00, 0x13, 0x06, 0x00, 0x00, 0x33, 0x05, 0xc3, 0x00,
    0x03, 0x45, 0x05, 0x00, 0x13, 0x06, 0x16, 0x00, 0xe3, 0x1a, 0x05, 0xfe,
    0x13, 0x06, 0xf6, 0xff, 0x93, 0x08, 0x00, 0x04, 0x13, 0x05, 0x10, 0x00,
    0x93, 0x05, 0x03, 0x00, 0x73, 0x00, 0x00, 0x00, 0xb7, 0x25, 0x01, 0x00,
    0x93, 0x85, 0x15, 0xa8, 0x13, 0x06, 0x00, 0x01, 0x93, 0x08, 0x00, 0x04,
    0x13, 0x05, 0x10, 0x00, 0x73, 0x00, 0x00, 0x00, 0xb7, 0x25, 0x01, 0x00,
    0x93, 0x85, 0x45, 0xb4, 0x13, 0x06, 0x10, 0x00, 0x93, 0x08, 0x00, 0x04,
    0x13, 0x05, 0x10, 0x00, 0x73, 0x00, 0x00, 0x00, 0x93, 0x08, 0xd0, 0x05,
    0x13, 0x05, 0x10, 0x00, 0x93, 0x05, 0x00, 0x00, 0x13, 0x06, 0x00, 0x00,
    0x73, 0x00, 0x00, 0x00, 0x6f, 0x00, 0x00, 0x00, 0x93, 0x08, 0xd0, 0x05,
    0x13, 0x05, 0x10, 0x00, 0x93, 0x05, 0x00, 0x00, 0x13, 0x06, 0x00, 0x00,
    0x73, 0x00, 0x00, 0x00, 0x6f, 0x00, 0x00, 0x00, 0xb7, 0x25, 0x01, 0x00,
    0x93, 0x85, 0x75, 0xb2, 0x13, 0x06, 0xb0, 0x00, 0x93, 0x08, 0x00, 0x04,
    0x13, 0x05, 0x10, 0x00, 0x73, 0x00, 0x00, 0x00, 0x13, 0x06, 0x00, 0x00,
    0x33, 0x05, 0xc3, 0x00, 0x03, 0x45, 0x05, 0x00, 0x13, 0x06, 0x16, 0x00,
    0xe3, 0x1a, 0x05, 0xfe, 0x13, 0x06, 0xf6, 0xff, 0x93, 0x08, 0x00, 0x04,
    0x13, 0x05, 0x10, 0x00, 0x93, 0x05, 0x03, 0x00, 0x73, 0x00, 0x00, 0x00,
    0xb7, 0x25, 0x01, 0x00, 0x93, 0x85, 0x35, 0xb3, 0x13, 0x06, 0x00, 0x01,
    0x93, 0x08, 0x00, 0x04, 0x13, 0x05, 0x10, 0x00, 0x73, 0x00, 0x00, 0x00,
    0xb7, 0x25, 0x01, 0x00, 0x93, 0x85, 0x45, 0xb4, 0x13, 0x06, 0x10, 0x00,
    0x93, 0x08, 0x00, 0x04, 0x13, 0x05, 0x10, 0x00, 0x73, 0x00, 0x00, 0x00,
    0x93, 0x08, 0xd0, 0x05, 0x13, 0x05, 0x10, 0x00, 0x93, 0x05, 0x00, 0x00,
    0x13, 0x06, 0x00, 0x00, 0x73, 0x00, 0x00, 0x00, 0x6f, 0x00, 0x00, 0x00,
    0x93, 0x08, 0xd0, 0x05, 0x13, 0x05, 0x10, 0x00, 0x93, 0x05, 0x00, 0x00,
    0x13, 0x06, 0x00, 0x00, 0x73, 0x00, 0x00, 0x00, 0x6f, 0x00, 0x00, 0x00,
    0x37, 0x25, 0x01, 0x00, 0x13, 0x05, 0x25, 0xb7, 0xef, 0x00, 0x80, 0x02,
    0x37, 0x25, 0x01, 0x00, 0x13, 0x05, 0xa5, 0xaa, 0xef, 0x00, 0xc0, 0x01,
    0x37, 0x25, 0x01, 0x00, 0x13, 0x05, 0x75, 0xa9, 0xef, 0x00, 0x00, 0x01,
    0x37, 0x25, 0x01, 0x00, 0x13, 0x05, 0xe5, 0xb0, 0xef, 0x00, 0x40, 0x00,
    0x93, 0x06, 0x05, 0x00, 0xb7, 0x25, 0x01, 0x00, 0x93, 0x85, 0xb5, 0xb4,
    0x13, 0x06, 0x40, 0x00, 0x93, 0x08, 0x00, 0x04, 0x13, 0x05, 0x10, 0x00,
    0x73, 0x00, 0x00, 0x00, 0x13, 0x06, 0x00, 0x00, 0x37, 0x35, 0x01, 0x00,
    0x13, 0x05, 0x05, 0xb9, 0xb3, 0x05, 0xc5, 0x00, 0x83, 0xc5, 0x05, 0x00,
    0x13, 0x06, 0x16, 0x00, 0xe3, 0x9a, 0x05, 0xfe, 0x13, 0x06, 0xf6, 0xff,
    0xb7, 0x35, 0x01, 0x00, 0x93, 0x85, 0x05, 0xb9, 0x93, 0x08, 0x00, 0x04,
    0x13, 0x05, 0x10, 0x00, 0x73, 0x00, 0x00, 0x00, 0xb7, 0x25, 0x01, 0x00,
    0x93, 0x85, 0xf5, 0xb6, 0x13, 0x06, 0x20, 0x00, 0x93, 0x08, 0x00, 0x04,
    0x13, 0x05, 0x10, 0x00, 0x73, 0x00, 0x00, 0x00, 0x13, 0x06, 0x00, 0x00,
    0x33, 0x85, 0xc6, 0x00, 0x03, 0x45, 0x05, 0x00, 0x13, 0x06, 0x16, 0x00,
    0xe3, 0x1a, 0x05, 0xfe, 0x13, 0x06, 0xf6, 0xff, 0x93, 0x08, 0x00, 0x04,
    0x13, 0x05, 0x10, 0x00, 0x93, 0x85, 0x06, 0x00, 0x73, 0x00, 0x00, 0x00,
    0xb7, 0x25, 0x01, 0x00, 0x93, 0x85, 0x45, 0xb4, 0x13, 0x06, 0x10, 0x00,
    0x93, 0x08, 0x00, 0x04, 0x13, 0x05, 0x10, 0x00, 0x73, 0x00, 0x00, 0x00,
    0x93, 0x08, 0xd0, 0x05, 0x13, 0x05, 0x10, 0x00, 0x93, 0x05, 0x00, 0x00,
    0x13, 0x06, 0x00, 0x00, 0x73, 0x00, 0x00, 0x00, 0x6f, 0x00, 0x00, 0x00,
    0x65, 0x78, 0x65, 0x63, 0x00, 0x3a, 0x20, 0x6e, 0x6f, 0x74, 0x20, 0x65,
    0x78, 0x65, 0x63, 0x75, 0x74, 0x61, 0x62, 0x6c, 0x65, 0x00, 0x20, 0x6f,
    0x6e, 0x20, 0x00, 0x72, 0x75, 0x6e, 0x20, 0x6e, 0x65, 0x65, 0x64, 0x73,
    0x20, 0x61, 0x20, 0x73, 0x63, 0x72, 0x69, 0x70, 0x74, 0x00, 0x6d, 0x6f,
    0x75, 0x6e, 0x74, 0x20, 0x6e, 0x65, 0x65, 0x64, 0x73, 0x20, 0x61, 0x20,
    0x64, 0x65, 0x76, 0x69, 0x63, 0x65, 0x20, 0x61, 0x6e, 0x64, 0x20, 0x61,
    0x20, 0x6d, 0x6f, 0x75, 0x6e, 0x74, 0x20, 0x70, 0x6f, 0x69, 0x6e, 0x74,
    0x00, 0x72, 0x63, 0x3a, 0x20, 0x6e, 0x6f, 0x20, 0x73, 0x63, 0x72, 0x69,
    0x70, 0x74, 0x20, 0x67, 0x69, 0x76, 0x65, 0x6e, 0x00, 0x00, 0x6e, 0x65,
    0x65, 0x64, 0x00, 0x72, 0x63, 0x3a, 0x20, 0x6d, 0x6f, 0x75, 0x6e, 0x74,
    0x65, 0x64, 0x20, 0x00, 0x2f, 0x62, 0x69, 0x6e, 0x2f, 0x72, 0x63, 0x00,
    0x3a, 0x20, 0x63, 0x61, 0x6e, 0x6e, 0x6f, 0x74, 0x20, 0x72, 0x65, 0x61,
    0x64, 0x00, 0x65, 0x78, 0x65, 0x63, 0x20, 0x6e, 0x65, 0x65, 0x64, 0x73,
    0x20, 0x61, 0x20, 0x70, 0x72, 0x6f, 0x67, 0x72, 0x61, 0x6d, 0x00, 0x72,
    0x75, 0x6e, 0x00, 0x72, 0x63, 0x3a, 0x20, 0x6d, 0x6f, 0x75, 0x6e, 0x74,
    0x3a, 0x20, 0x00, 0x3a, 0x20, 0x6e, 0x6f, 0x20, 0x73, 0x75, 0x63, 0x68,
    0x20, 0x64, 0x65, 0x76, 0x69, 0x63, 0x65, 0x00, 0x0a, 0x00, 0x6e, 0x6f,
    0x6e, 0x65, 0x00, 0x72, 0x63, 0x3a, 0x20, 0x00, 0x6d, 0x6f, 0x75, 0x6e,
    0x74, 0x00, 0x3a, 0x20, 0x75, 0x6e, 0x72, 0x65, 0x63, 0x6f, 0x67, 0x6e,
    0x69, 0x73, 0x65, 0x64, 0x20, 0x63, 0x6f, 0x6d, 0x6d, 0x61, 0x6e, 0x64,
    0x3a, 0x20, 0x00, 0x3a, 0x20, 0x00, 0x6e, 0x65, 0x65, 0x64, 0x20, 0x6e,
    0x65, 0x65, 0x64, 0x73, 0x20, 0x61, 0x20, 0x70, 0x61, 0x74, 0x68, 0x00,
    0x3a, 0x20, 0x6e, 0x6f, 0x74, 0x20, 0x66, 0x6f, 0x75, 0x6e, 0x64, 0x00,
    0x00, 0x4c, 0x69, 0x6e, 0x6b, 0x65, 0x72, 0x3a, 0x20, 0x44, 0x65, 0x62,
    0x69, 0x61, 0x6e, 0x20, 0x4c, 0x4c, 0x44, 0x20, 0x31, 0x39, 0x2e, 0x31,
    0x2e, 0x37, 0x00, 0x44, 0x65, 0x62, 0x69, 0x61, 0x6e, 0x20, 0x63, 0x6c,
    0x61, 0x6e, 0x67, 0x20, 0x76, 0x65, 0x72, 0x73, 0x69, 0x6f, 0x6e, 0x20,
    0x31, 0x39, 0x2e, 0x31, 0x2e, 0x37, 0x20, 0x28, 0x33, 0x2b, 0x62, 0x31,
    0x29, 0x00, 0x41, 0x29, 0x00, 0x00, 0x00, 0x72, 0x69, 0x73, 0x63, 0x76,
    0x00, 0x01, 0x1f, 0x00, 0x00, 0x00, 0x04, 0x10, 0x05, 0x72, 0x76, 0x36,
    0x34, 0x69, 0x32, 0x70, 0x31, 0x5f, 0x6d, 0x32, 0x70, 0x30, 0x5f, 0x7a,
    0x6d, 0x6d, 0x75, 0x6c, 0x31, 0x70, 0x30, 0x00, 0x00, 0x00, 0x00, 0x00,
    0x00, 0x00, 0x00, 0x00, 0x00, 0x00, 0x00, 0x00, 0x00, 0x00, 0x00, 0x00,
    0x00, 0x00, 0x00, 0x00, 0x00, 0x00, 0x00, 0x00, 0x01, 0x00, 0x00, 0x00,
    0x04, 0x00, 0xf1, 0xff, 0x00, 0x00, 0x00, 0x00, 0x00, 0x00, 0x00, 0x00,
    0x00, 0x00, 0x00, 0x00, 0x00, 0x00, 0x00, 0x00, 0x06, 0x00, 0x00, 0x00,
    0x00, 0x00, 0x01, 0x00, 0x00, 0x00, 0x01, 0x00, 0x00, 0x00, 0x00, 0x00,
    0x00, 0x00, 0x00, 0x00, 0x00, 0x00, 0x00, 0x00, 0x09, 0x00, 0x00, 0x00,
    0x01, 0x00, 0x03, 0x00, 0x90, 0x2b, 0x01, 0x00, 0x00, 0x00, 0x00, 0x00,
    0x00, 0x01, 0x00, 0x00, 0x00, 0x00, 0x00, 0x00, 0x15, 0x00, 0x00, 0x00,
    0x01, 0x00, 0x03, 0x00, 0x90, 0x2c, 0x01, 0x00, 0x00, 0x00, 0x00, 0x00,
    0x00, 0x40, 0x00, 0x00, 0x00, 0x00, 0x00, 0x00, 0x1c, 0x00, 0x00, 0x00,
    0x01, 0x00, 0x03, 0x00, 0x90, 0x6c, 0x01, 0x00, 0x00, 0x00, 0x00, 0x00,
    0x00, 0x02, 0x00, 0x00, 0x00, 0x00, 0x00, 0x00, 0x21, 0x00, 0x00, 0x00,
    0x02, 0x00, 0x01, 0x00, 0xbc, 0x09, 0x01, 0x00, 0x00, 0x00, 0x00, 0x00,
    0xc0, 0x00, 0x00, 0x00, 0x00, 0x00, 0x00, 0x00, 0x25, 0x00, 0x00, 0x00,
    0x00, 0x00, 0x03, 0x00, 0x90, 0x2b, 0x01, 0x00, 0x00, 0x00, 0x00, 0x00,
    0x00, 0x00, 0x00, 0x00, 0x00, 0x00, 0x00, 0x00, 0x28, 0x00, 0x00, 0x00,
    0x00, 0x00, 0x02, 0x00, 0xd1, 0x1a, 0x01, 0x00, 0x00, 0x00, 0x00, 0x00,
    0x00, 0x00, 0x00, 0x00, 0x00, 0x00, 0x00, 0x00, 0x2b, 0x00, 0x00, 0x00,
    0x00, 0x00, 0x04, 0x00, 0x00, 0x00, 0x00, 0x00, 0x00, 0x00, 0x00, 0x00,
    0x00, 0x00, 0x00, 0x00, 0x00, 0x00, 0x00, 0x00, 0x2e, 0x00, 0x00, 0x00,
    0x00, 0x00, 0xf1, 0xff, 0x00, 0x00, 0x00, 0x00, 0x00, 0x00, 0x00, 0x00,
    0x00, 0x00, 0x00, 0x00, 0x00, 0x00, 0x00, 0x00, 0x31, 0x00, 0x00, 0x00,
    0x12, 0x00, 0x01, 0x00, 0x00, 0x00, 0x01, 0x00, 0x00, 0x00, 0x00, 0x00,
    0xbc, 0x09, 0x00, 0x00, 0x00, 0x00, 0x00, 0x00, 0x00, 0x2e, 0x74, 0x65,
    0x78, 0x74, 0x00, 0x2e, 0x72, 0x6f, 0x64, 0x61, 0x74, 0x61, 0x00, 0x2e,
    0x62, 0x73, 0x73, 0x00, 0x2e, 0x63, 0x6f, 0x6d, 0x6d, 0x65, 0x6e, 0x74,
    0x00, 0x2e, 0x72, 0x69, 0x73, 0x63, 0x76, 0x2e, 0x61, 0x74, 0x74, 0x72,
    0x69, 0x62, 0x75, 0x74, 0x65, 0x73, 0x00, 0x2e, 0x73, 0x79, 0x6d, 0x74,
    0x61, 0x62, 0x00, 0x2e, 0x73, 0x68, 0x73, 0x74, 0x72, 0x74, 0x61, 0x62,
    0x00, 0x2e, 0x73, 0x74, 0x72, 0x74, 0x61, 0x62, 0x00, 0x00, 0x72, 0x63,
    0x2e, 0x63, 0x00, 0x24, 0x78, 0x00, 0x5f, 0x73, 0x74, 0x61, 0x72, 0x74,
    0x2e, 0x70, 0x61, 0x74, 0x68, 0x00, 0x73, 0x63, 0x72, 0x69, 0x70, 0x74,
    0x00, 0x6c, 0x69, 0x6e, 0x65, 0x00, 0x64, 0x69, 0x65, 0x00, 0x24, 0x64,
    0x00, 0x24, 0x64, 0x00, 0x24, 0x64, 0x00, 0x24, 0x64, 0x00, 0x5f, 0x73,
    0x74, 0x61, 0x72, 0x74, 0x00, 0x00, 0x00, 0x00, 0x00, 0x00, 0x00, 0x00,
    0x00, 0x00, 0x00, 0x00, 0x00, 0x00, 0x00, 0x00, 0x00, 0x00, 0x00, 0x00,
    0x00, 0x00, 0x00, 0x00, 0x00, 0x00, 0x00, 0x00, 0x00, 0x00, 0x00, 0x00,
    0x00, 0x00, 0x00, 0x00, 0x00, 0x00, 0x00, 0x00, 0x00, 0x00, 0x00, 0x00,
    0x00, 0x00, 0x00, 0x00, 0x00, 0x00, 0x00, 0x00, 0x00, 0x00, 0x00, 0x00,
    0x00, 0x00, 0x00, 0x00, 0x00, 0x00, 0x00, 0x00, 0x00, 0x00, 0x00, 0x00,
    0x00, 0x00, 0x00, 0x00, 0x01, 0x00, 0x00, 0x00, 0x01, 0x00, 0x00, 0x00,
    0x06, 0x00, 0x00, 0x00, 0x00, 0x00, 0x00, 0x00, 0x00, 0x00, 0x01, 0x00,
    0x00, 0x00, 0x00, 0x00, 0x00, 0x10, 0x00, 0x00, 0x00, 0x00, 0x00, 0x00,
    0x7c, 0x0a, 0x00, 0x00, 0x00, 0x00, 0x00, 0x00, 0x00, 0x00, 0x00, 0x00,
    0x00, 0x00, 0x00, 0x00, 0x04, 0x00, 0x00, 0x00, 0x00, 0x00, 0x00, 0x00,
    0x00, 0x00, 0x00, 0x00, 0x00, 0x00, 0x00, 0x00, 0x07, 0x00, 0x00, 0x00,
    0x01, 0x00, 0x00, 0x00, 0x32, 0x00, 0x00, 0x00, 0x00, 0x00, 0x00, 0x00,
    0x7c, 0x1a, 0x01, 0x00, 0x00, 0x00, 0x00, 0x00, 0x7c, 0x1a, 0x00, 0x00,
    0x00, 0x00, 0x00, 0x00, 0x14, 0x01, 0x00, 0x00, 0x00, 0x00, 0x00, 0x00,
    0x00, 0x00, 0x00, 0x00, 0x00, 0x00, 0x00, 0x00, 0x01, 0x00, 0x00, 0x00,
    0x00, 0x00, 0x00, 0x00, 0x01, 0x00, 0x00, 0x00, 0x00, 0x00, 0x00, 0x00,
    0x0f, 0x00, 0x00, 0x00, 0x08, 0x00, 0x00, 0x00, 0x03, 0x00, 0x00, 0x00,
    0x00, 0x00, 0x00, 0x00, 0x90, 0x2b, 0x01, 0x00, 0x00, 0x00, 0x00, 0x00,
    0x90, 0x1b, 0x00, 0x00, 0x00, 0x00, 0x00, 0x00, 0x00, 0x43, 0x00, 0x00,
    0x00, 0x00, 0x00, 0x00, 0x00, 0x00, 0x00, 0x00, 0x00, 0x00, 0x00, 0x00,
    0x01, 0x00, 0x00, 0x00, 0x00, 0x00, 0x00, 0x00, 0x00, 0x00, 0x00, 0x00,
    0x00, 0x00, 0x00, 0x00, 0x14, 0x00, 0x00, 0x00, 0x01, 0x00, 0x00, 0x00,
    0x30, 0x00, 0x00, 0x00, 0x00, 0x00, 0x00, 0x00, 0x00, 0x00, 0x00, 0x00,
    0x00, 0x00, 0x00, 0x00, 0x90, 0x1b, 0x00, 0x00, 0x00, 0x00, 0x00, 0x00,
    0x3e, 0x00, 0x00, 0x00, 0x00, 0x00, 0x00, 0x00, 0x00, 0x00, 0x00, 0x00,
    0x00, 0x00, 0x00, 0x00, 0x01, 0x00, 0x00, 0x00, 0x00, 0x00, 0x00, 0x00,
    0x01, 0x00, 0x00, 0x00, 0x00, 0x00, 0x00, 0x00, 0x1d, 0x00, 0x00, 0x00,
    0x03, 0x00, 0x00, 0x70, 0x00, 0x00, 0x00, 0x00, 0x00, 0x00, 0x00, 0x00,
    0x00, 0x00, 0x00, 0x00, 0x00, 0x00, 0x00, 0x00, 0xce, 0x1b, 0x00, 0x00,
    0x00, 0x00, 0x00, 0x00, 0x2a, 0x00, 0x00, 0x00, 0x00, 0x00, 0x00, 0x00,
    0x00, 0x00, 0x00, 0x00, 0x00, 0x00, 0x00, 0x00, 0x01, 0x00, 0x00, 0x00,
    0x00, 0x00, 0x00, 0x00, 0x00, 0x00, 0x00, 0x00, 0x00, 0x00, 0x00, 0x00,
    0x2f, 0x00, 0x00, 0x00, 0x02, 0x00, 0x00, 0x00, 0x00, 0x00, 0x00, 0x00,
    0x00, 0x00, 0x00, 0x00, 0x00, 0x00, 0x00, 0x00, 0x00, 0x00, 0x00, 0x00,
    0xf8, 0x1b, 0x00, 0x00, 0x00, 0x00, 0x00, 0x00, 0x20, 0x01, 0x00, 0x00,
    0x00, 0x00, 0x00, 0x00, 0x08, 0x00, 0x00, 0x00, 0x0b, 0x00, 0x00, 0x00,
    0x08, 0x00, 0x00, 0x00, 0x00, 0x00, 0x00, 0x00, 0x18, 0x00, 0x00, 0x00,
    0x00, 0x00, 0x00, 0x00, 0x37, 0x00, 0x00, 0x00, 0x03, 0x00, 0x00, 0x00,
    0x00, 0x00, 0x00, 0x00, 0x00, 0x00, 0x00, 0x00, 0x00, 0x00, 0x00, 0x00,
    0x00, 0x00, 0x00, 0x00, 0x18, 0x1d, 0x00, 0x00, 0x00, 0x00, 0x00, 0x00,
    0x49, 0x00, 0x00, 0x00, 0x00, 0x00, 0x00, 0x00, 0x00, 0x00, 0x00, 0x00,
    0x00, 0x00, 0x00, 0x00, 0x01, 0x00, 0x00, 0x00, 0x00, 0x00, 0x00, 0x00,
    0x00, 0x00, 0x00, 0x00, 0x00, 0x00, 0x00, 0x00, 0x41, 0x00, 0x00, 0x00,
    0x03, 0x00, 0x00, 0x00, 0x00, 0x00, 0x00, 0x00, 0x00, 0x00, 0x00, 0x00,
    0x00, 0x00, 0x00, 0x00, 0x00, 0x00, 0x00, 0x00, 0x61, 0x1d, 0x00, 0x00,
    0x00, 0x00, 0x00, 0x00, 0x38, 0x00, 0x00, 0x00, 0x00, 0x00, 0x00, 0x00,
    0x00, 0x00, 0x00, 0x00, 0x00, 0x00, 0x00, 0x00, 0x01, 0x00, 0x00, 0x00,
    0x00, 0x00, 0x00, 0x00, 0x00, 0x00, 0x00, 0x00, 0x00, 0x00, 0x00, 0x00,
};
#define GUEST_RC_LEN 8160

static const unsigned char GUEST_SVCINIT[] = {
    0x7f, 0x45, 0x4c, 0x46, 0x02, 0x01, 0x01, 0x00, 0x00, 0x00, 0x00, 0x00,
    0x00, 0x00, 0x00, 0x00, 0x02, 0x00, 0xf3, 0x00, 0x01, 0x00, 0x00, 0x00,
    0x00, 0x00, 0x01, 0x00, 0x00, 0x00, 0x00, 0x00, 0x40, 0x00, 0x00, 0x00,
    0x00, 0x00, 0x00, 0x00, 0xd8, 0x20, 0x00, 0x00, 0x00, 0x00, 0x00, 0x00,
    0x00, 0x00, 0x00, 0x00, 0x40, 0x00, 0x38, 0x00, 0x07, 0x00, 0x40, 0x00,
    0x0a, 0x00, 0x08, 0x00, 0x06, 0x00, 0x00, 0x00, 0x04, 0x00, 0x00, 0x00,
    0x40, 0x00, 0x00, 0x00, 0x00, 0x00, 0x00, 0x00, 0x40, 0x00, 0x01, 0x00,
    0x00, 0x00, 0x00, 0x00, 0x40, 0x00, 0x01, 0x00, 0x00, 0x00, 0x00, 0x00,
    0x88, 0x01, 0x00, 0x00, 0x00, 0x00, 0x00, 0x00, 0x88, 0x01, 0x00, 0x00,
    0x00, 0x00, 0x00, 0x00, 0x08, 0x00, 0x00, 0x00, 0x00, 0x00, 0x00, 0x00,
    0x01, 0x00, 0x00, 0x00, 0x04, 0x00, 0x00, 0x00, 0x00, 0x00, 0x00, 0x00,
    0x00, 0x00, 0x00, 0x00, 0x00, 0x00, 0x01, 0x00, 0x00, 0x00, 0x00, 0x00,
    0x00, 0x00, 0x01, 0x00, 0x00, 0x00, 0x00, 0x00, 0xc8, 0x01, 0x00, 0x00,
    0x00, 0x00, 0x00, 0x00, 0xc8, 0x01, 0x00, 0x00, 0x00, 0x00, 0x00, 0x00,
    0x00, 0x10, 0x00, 0x00, 0x00, 0x00, 0x00, 0x00, 0x01, 0x00, 0x00, 0x00,
    0x05, 0x00, 0x00, 0x00, 0x00, 0x10, 0x00, 0x00, 0x00, 0x00, 0x00, 0x00,
    0x00, 0x00, 0x01, 0x00, 0x00, 0x00, 0x00, 0x00, 0x00, 0x00, 0x01, 0x00,
    0x00, 0x00, 0x00, 0x00, 0x98, 0x0c, 0x00, 0x00, 0x00, 0x00, 0x00, 0x00,
    0x98, 0x0c, 0x00, 0x00, 0x00, 0x00, 0x00, 0x00, 0x00, 0x10, 0x00, 0x00,
    0x00, 0x00, 0x00, 0x00, 0x01, 0x00, 0x00, 0x00, 0x04, 0x00, 0x00, 0x00,
    0x98, 0x1c, 0x00, 0x00, 0x00, 0x00, 0x00, 0x00, 0x98, 0x1c, 0x01, 0x00,
    0x00, 0x00, 0x00, 0x00, 0x98, 0x1c, 0x01, 0x00, 0x00, 0x00, 0x00, 0x00,
    0xce, 0x00, 0x00, 0x00, 0x00, 0x00, 0x00, 0x00, 0xce, 0x00, 0x00, 0x00,
    0x00, 0x00, 0x00, 0x00, 0x00, 0x10, 0x00, 0x00, 0x00, 0x00, 0x00, 0x00,
    0x01, 0x00, 0x00, 0x00, 0x06, 0x00, 0x00, 0x00, 0x68, 0x1d, 0x00, 0x00,
    0x00, 0x00, 0x00, 0x00, 0x68, 0x2d, 0x01, 0x00, 0x00, 0x00, 0x00, 0x00,
    0x68, 0x2d, 0x01, 0x00, 0x00, 0x00, 0x00, 0x00, 0x00, 0x00, 0x00, 0x00,
    0x00, 0x00, 0x00, 0x00, 0x24, 0x3c, 0x00, 0x00, 0x00, 0x00, 0x00, 0x00,
    0x00, 0x10, 0x00, 0x00, 0x00, 0x00, 0x00, 0x00, 0x51, 0xe5, 0x74, 0x64,
    0x06, 0x00, 0x00, 0x00, 0x00, 0x00, 0x00, 0x00, 0x00, 0x00, 0x00, 0x00,
    0x00, 0x00, 0x00, 0x00, 0x00, 0x00, 0x00, 0x00, 0x00, 0x00, 0x00, 0x00,
    0x00, 0x00, 0x00, 0x00, 0x00, 0x00, 0x00, 0x00, 0x00, 0x00, 0x00, 0x00,
    0x00, 0x00, 0x00, 0x00, 0x00, 0x00, 0x00, 0x00, 0x00, 0x00, 0x00, 0x00,
    0x00, 0x00, 0x00, 0x00, 0x03, 0x00, 0x00, 0x70, 0x04, 0x00, 0x00, 0x00,
    0xa6, 0x1d, 0x00, 0x00, 0x00, 0x00, 0x00, 0x00, 0x00, 0x00, 0x00, 0x00,
    0x00, 0x00, 0x00, 0x00, 0x00, 0x00, 0x00, 0x00, 0x00, 0x00, 0x00, 0x00,
    0x2a, 0x00, 0x00, 0x00, 0x00, 0x00, 0x00, 0x00, 0x2a, 0x00, 0x00, 0x00,
    0x00, 0x00, 0x00, 0x00, 0x01, 0x00, 0x00, 0x00, 0x00, 0x00, 0x00, 0x00,
    0x00, 0x00, 0x00, 0x00, 0x00, 0x00, 0x00, 0x00, 0x00, 0x00, 0x00, 0x00,
    0x00, 0x00, 0x00, 0x00, 0x00, 0x00, 0x00, 0x00, 0x00, 0x00, 0x00, 0x00,
    0x00, 0x00, 0x00, 0x00, 0x00, 0x00, 0x00, 0x00, 0x00, 0x00, 0x00, 0x00,
    0x00, 0x00, 0x00, 0x00, 0x00, 0x00, 0x00, 0x00, 0x00, 0x00, 0x00, 0x00,
    0x00, 0x00, 0x00, 0x00, 0x00, 0x00, 0x00, 0x00, 0x00, 0x00, 0x00, 0x00,
    0x00, 0x00, 0x00, 0x00, 0x00, 0x00, 0x00, 0x00, 0x00, 0x00, 0x00, 0x00,
    0x00, 0x00, 0x00, 0x00, 0x00, 0x00, 0x00, 0x00, 0x00, 0x00, 0x00, 0x00,
    0x00, 0x00, 0x00, 0x00, 0x00, 0x00, 0x00, 0x00, 0x00, 0x00, 0x00, 0x00,
    0x00, 0x00, 0x00, 0x00, 0x00, 0x00, 0x00, 0x00, 0x00, 0x00, 0x00, 0x00,
    0x00, 0x00, 0x00, 0x00, 0x00, 0x00, 0x00, 0x00, 0x00, 0x00, 0x00, 0x00,
    0x00, 0x00, 0x00, 0x00, 0x00, 0x00, 0x00, 0x00, 0x00, 0x00, 0x00, 0x00,
    0x00, 0x00, 0x00, 0x00, 0x00, 0x00, 0x00, 0x00, 0x00, 0x00, 0x00, 0x00,
    0x00, 0x00, 0x00, 0x00, 0x00, 0x00, 0x00, 0x00, 0x00, 0x00, 0x00, 0x00,
    0x00, 0x00, 0x00, 0x00, 0x00, 0x00, 0x00, 0x00, 0x00, 0x00, 0x00, 0x00,
    0x00, 0x00, 0x00, 0x00, 0x00, 0x00, 0x00, 0x00, 0x00, 0x00, 0x00, 0x00,
    0x00, 0x00, 0x00, 0x00, 0x00, 0x00, 0x00, 0x00, 0x00, 0x00, 0x00, 0x00,
    0x00, 0x00, 0x00, 0x00, 0x00, 0x00, 0x00, 0x00, 0x00, 0x00, 0x00, 0x00,
    0x00, 0x00, 0x00, 0x00, 0x00, 0x00, 0x00, 0x00, 0x00, 0x00, 0x00, 0x00,
    0x00, 0x00, 0x00, 0x00, 0x00, 0x00, 0x00, 0x00, 0x00, 0x00, 0x00, 0x00,
    0x00, 0x00, 0x00, 0x00, 0x00, 0x00, 0x00, 0x00, 0x00, 0x00, 0x00, 0x00,
    0x00, 0x00, 0x00, 0x00, 0x00, 0x00, 0x00, 0x00, 0x00, 0x00, 0x00, 0x00,
    0x00, 0x00, 0x00, 0x00, 0x00, 0x00, 0x00, 0x00, 0x00, 0x00, 0x00, 0x00,
    0x00, 0x00, 0x00, 0x00, 0x00, 0x00, 0x00, 0x00, 0x00, 0x00, 0x00, 0x00,
    0x00, 0x00, 0x00, 0x00, 0x00, 0x00, 0x00, 0x00, 0x00, 0x00, 0x00, 0x00,
    0x00, 0x00, 0x00, 0x00, 0x00, 0x00, 0x00, 0x00, 0x00, 0x00, 0x00, 0x00,
    0x00, 0x00, 0x00, 0x00, 0x00, 0x00, 0x00, 0x00, 0x00, 0x00, 0x00, 0x00,
    0x00, 0x00, 0x00, 0x00, 0x00, 0x00, 0x00, 0x00, 0x00, 0x00, 0x00, 0x00,
    0x00, 0x00, 0x00, 0x00, 0x00, 0x00, 0x00, 0x00, 0x00, 0x00, 0x00, 0x00,
    0x00, 0x00, 0x00, 0x00, 0x00, 0x00, 0x00, 0x00, 0x00, 0x00, 0x00, 0x00,
    0x00, 0x00, 0x00, 0x00, 0x00, 0x00, 0x00, 0x00, 0x00, 0x00, 0x00, 0x00,
    0x00, 0x00, 0x00, 0x00, 0x00, 0x00, 0x00, 0x00, 0x00, 0x00, 0x00, 0x00,
    0x00, 0x00, 0x00, 0x00, 0x00, 0x00, 0x00, 0x00, 0x00, 0x00, 0x00, 0x00,
    0x00, 0x00, 0x00, 0x00, 0x00, 0x00, 0x00, 0x00, 0x00, 0x00, 0x00, 0x00,
    0x00, 0x00, 0x00, 0x00, 0x00, 0x00, 0x00, 0x00, 0x00, 0x00, 0x00, 0x00,
    0x00, 0x00, 0x00, 0x00, 0x00, 0x00, 0x00, 0x00, 0x00, 0x00, 0x00, 0x00,
    0x00, 0x00, 0x00, 0x00, 0x00, 0x00, 0x00, 0x00, 0x00, 0x00, 0x00, 0x00,
    0x00, 0x00, 0x00, 0x00, 0x00, 0x00, 0x00, 0x00, 0x00, 0x00, 0x00, 0x00,
    0x00, 0x00, 0x00, 0x00, 0x00, 0x00, 0x00, 0x00, 0x00, 0x00, 0x00, 0x00,
    0x00, 0x00, 0x00, 0x00, 0x00, 0x00, 0x00, 0x00, 0x00, 0x00, 0x00, 0x00,
    0x00, 0x00, 0x00, 0x00, 0x00, 0x00, 0x00, 0x00, 0x00, 0x00, 0x00, 0x00,
    0x00, 0x00, 0x00, 0x00, 0x00, 0x00, 0x00, 0x00, 0x00, 0x00, 0x00, 0x00,
    0x00, 0x00, 0x00, 0x00, 0x00, 0x00, 0x00, 0x00, 0x00, 0x00, 0x00, 0x00,
    0x00, 0x00, 0x00, 0x00, 0x00, 0x00, 0x00, 0x00, 0x00, 0x00, 0x00, 0x00,
    0x00, 0x00, 0x00, 0x00, 0x00, 0x00, 0x00, 0x00, 0x00, 0x00, 0x00, 0x00,
    0x00, 0x00, 0x00, 0x00, 0x00, 0x00, 0x00, 0x00, 0x00, 0x00, 0x00, 0x00,
    0x00, 0x00, 0x00, 0x00, 0x00, 0x00, 0x00, 0x00, 0x00, 0x00, 0x00, 0x00,
    0x00, 0x00, 0x00, 0x00, 0x00, 0x00, 0x00, 0x00, 0x00, 0x00, 0x00, 0x00,
    0x00, 0x00, 0x00, 0x00, 0x00, 0x00, 0x00, 0x00, 0x00, 0x00, 0x00, 0x00,
    0x00, 0x00, 0x00, 0x00, 0x00, 0x00, 0x00, 0x00, 0x00, 0x00, 0x00, 0x00,
    0x00, 0x00, 0x00, 0x00, 0x00, 0x00, 0x00, 0x00, 0x00, 0x00, 0x00, 0x00,
    0x00, 0x00, 0x00, 0x00, 0x00, 0x00, 0x00, 0x00, 0x00, 0x00, 0x00, 0x00,
    0x00, 0x00, 0x00, 0x00, 0x00, 0x00, 0x00, 0x00, 0x00, 0x00, 0x00, 0x00,
    0x00, 0x00, 0x00, 0x00, 0x00, 0x00, 0x00, 0x00, 0x00, 0x00, 0x00, 0x00,
    0x00, 0x00, 0x00, 0x00, 0x00, 0x00, 0x00, 0x00, 0x00, 0x00, 0x00, 0x00,
    0x00, 0x00, 0x00, 0x00, 0x00, 0x00, 0x00, 0x00, 0x00, 0x00, 0x00, 0x00,
    0x00, 0x00, 0x00, 0x00, 0x00, 0x00, 0x00, 0x00, 0x00, 0x00, 0x00, 0x00,
    0x00, 0x00, 0x00, 0x00, 0x00, 0x00, 0x00, 0x00, 0x00, 0x00, 0x00, 0x00,
    0x00, 0x00, 0x00, 0x00, 0x00, 0x00, 0x00, 0x00, 0x00, 0x00, 0x00, 0x00,
    0x00, 0x00, 0x00, 0x00, 0x00, 0x00, 0x00, 0x00, 0x00, 0x00, 0x00, 0x00,
    0x00, 0x00, 0x00, 0x00, 0x00, 0x00, 0x00, 0x00, 0x00, 0x00, 0x00, 0x00,
    0x00, 0x00, 0x00, 0x00, 0x00, 0x00, 0x00, 0x00, 0x00, 0x00, 0x00, 0x00,
    0x00, 0x00, 0x00, 0x00, 0x00, 0x00, 0x00, 0x00, 0x00, 0x00, 0x00, 0x00,
    0x00, 0x00, 0x00, 0x00, 0x00, 0x00, 0x00, 0x00, 0x00, 0x00, 0x00, 0x00,
    0x00, 0x00, 0x00, 0x00, 0x00, 0x00, 0x00, 0x00, 0x00, 0x00, 0x00, 0x00,
    0x00, 0x00, 0x00, 0x00, 0x00, 0x00, 0x00, 0x00, 0x00, 0x00, 0x00, 0x00,
    0x00, 0x00, 0x00, 0x00, 0x00, 0x00, 0x00, 0x00, 0x00, 0x00, 0x00, 0x00,
    0x00, 0x00, 0x00, 0x00, 0x00, 0x00, 0x00, 0x00, 0x00, 0x00, 0x00, 0x00,
    0x00, 0x00, 0x00, 0x00, 0x00, 0x00, 0x00, 0x00, 0x00, 0x00, 0x00, 0x00,
    0x00, 0x00, 0x00, 0x00, 0x00, 0x00, 0x00, 0x00, 0x00, 0x00, 0x00, 0x00,
    0x00, 0x00, 0x00, 0x00, 0x00, 0x00, 0x00, 0x00, 0x00, 0x00, 0x00, 0x00,
    0x00, 0x00, 0x00, 0x00, 0x00, 0x00, 0x00, 0x00, 0x00, 0x00, 0x00, 0x00,
    0x00, 0x00, 0x00, 0x00, 0x00, 0x00, 0x00, 0x00, 0x00, 0x00, 0x00, 0x00,
    0x00, 0x00, 0x00, 0x00, 0x00, 0x00, 0x00, 0x00, 0x00, 0x00, 0x00, 0x00,
    0x00, 0x00, 0x00, 0x00, 0x00, 0x00, 0x00, 0x00, 0x00, 0x00, 0x00, 0x00,
    0x00, 0x00, 0x00, 0x00, 0x00, 0x00, 0x00, 0x00, 0x00, 0x00, 0x00, 0x00,
    0x00, 0x00, 0x00, 0x00, 0x00, 0x00, 0x00, 0x00, 0x00, 0x00, 0x00, 0x00,
    0x00, 0x00, 0x00, 0x00, 0x00, 0x00, 0x00, 0x00, 0x00, 0x00, 0x00, 0x00,
    0x00, 0x00, 0x00, 0x00, 0x00, 0x00, 0x00, 0x00, 0x00, 0x00, 0x00, 0x00,
    0x00, 0x00, 0x00, 0x00, 0x00, 0x00, 0x00, 0x00, 0x00, 0x00, 0x00, 0x00,
    0x00, 0x00, 0x00, 0x00, 0x00, 0x00, 0x00, 0x00, 0x00, 0x00, 0x00, 0x00,
    0x00, 0x00, 0x00, 0x00, 0x00, 0x00, 0x00, 0x00, 0x00, 0x00, 0x00, 0x00,
    0x00, 0x00, 0x00, 0x00, 0x00, 0x00, 0x00, 0x00, 0x00, 0x00, 0x00, 0x00,
    0x00, 0x00, 0x00, 0x00, 0x00, 0x00, 0x00, 0x00, 0x00, 0x00, 0x00, 0x00,
    0x00, 0x00, 0x00, 0x00, 0x00, 0x00, 0x00, 0x00, 0x00, 0x00, 0x00, 0x00,
    0x00, 0x00, 0x00, 0x00, 0x00, 0x00, 0x00, 0x00, 0x00, 0x00, 0x00, 0x00,
    0x00, 0x00, 0x00, 0x00, 0x00, 0x00, 0x00, 0x00, 0x00, 0x00, 0x00, 0x00,
    0x00, 0x00, 0x00, 0x00, 0x00, 0x00, 0x00, 0x00, 0x00, 0x00, 0x00, 0x00,
    0x00, 0x00, 0x00, 0x00, 0x00, 0x00, 0x00, 0x00, 0x00, 0x00, 0x00, 0x00,
    0x00, 0x00, 0x00, 0x00, 0x00, 0x00, 0x00, 0x00, 0x00, 0x00, 0x00, 0x00,
    0x00, 0x00, 0x00, 0x00, 0x00, 0x00, 0x00, 0x00, 0x00, 0x00, 0x00, 0x00,
    0x00, 0x00, 0x00, 0x00, 0x00, 0x00, 0x00, 0x00, 0x00, 0x00, 0x00, 0x00,
    0x00, 0x00, 0x00, 0x00, 0x00, 0x00, 0x00, 0x00, 0x00, 0x00, 0x00, 0x00,
    0x00, 0x00, 0x00, 0x00, 0x00, 0x00, 0x00, 0x00, 0x00, 0x00, 0x00, 0x00,
    0x00, 0x00, 0x00, 0x00, 0x00, 0x00, 0x00, 0x00, 0x00, 0x00, 0x00, 0x00,
    0x00, 0x00, 0x00, 0x00, 0x00, 0x00, 0x00, 0x00, 0x00, 0x00, 0x00, 0x00,
    0x00, 0x00, 0x00, 0x00, 0x00, 0x00, 0x00, 0x00, 0x00, 0x00, 0x00, 0x00,
    0x00, 0x00, 0x00, 0x00, 0x00, 0x00, 0x00, 0x00, 0x00, 0x00, 0x00, 0x00,
    0x00, 0x00, 0x00, 0x00, 0x00, 0x00, 0x00, 0x00, 0x00, 0x00, 0x00, 0x00,
    0x00, 0x00, 0x00, 0x00, 0x00, 0x00, 0x00, 0x00, 0x00, 0x00, 0x00, 0x00,
    0x00, 0x00, 0x00, 0x00, 0x00, 0x00, 0x00, 0x00, 0x00, 0x00, 0x00, 0x00,
    0x00, 0x00, 0x00, 0x00, 0x00, 0x00, 0x00, 0x00, 0x00, 0x00, 0x00, 0x00,
    0x00, 0x00, 0x00, 0x00, 0x00, 0x00, 0x00, 0x00, 0x00, 0x00, 0x00, 0x00,
    0x00, 0x00, 0x00, 0x00, 0x00, 0x00, 0x00, 0x00, 0x00, 0x00, 0x00, 0x00,
    0x00, 0x00, 0x00, 0x00, 0x00, 0x00, 0x00, 0x00, 0x00, 0x00, 0x00, 0x00,
    0x00, 0x00, 0x00, 0x00, 0x00, 0x00, 0x00, 0x00, 0x00, 0x00, 0x00, 0x00,
    0x00, 0x00, 0x00, 0x00, 0x00, 0x00, 0x00, 0x00, 0x00, 0x00, 0x00, 0x00,
    0x00, 0x00, 0x00, 0x00, 0x00, 0x00, 0x00, 0x00, 0x00, 0x00, 0x00, 0x00,
    0x00, 0x00, 0x00, 0x00, 0x00, 0x00, 0x00, 0x00, 0x00, 0x00, 0x00, 0x00,
    0x00, 0x00, 0x00, 0x00, 0x00, 0x00, 0x00, 0x00, 0x00, 0x00, 0x00, 0x00,
    0x00, 0x00, 0x00, 0x00, 0x00, 0x00, 0x00, 0x00, 0x00, 0x00, 0x00, 0x00,
    0x00, 0x00, 0x00, 0x00, 0x00, 0x00, 0x00, 0x00, 0x00, 0x00, 0x00, 0x00,
    0x00, 0x00, 0x00, 0x00, 0x00, 0x00, 0x00, 0x00, 0x00, 0x00, 0x00, 0x00,
    0x00, 0x00, 0x00, 0x00, 0x00, 0x00, 0x00, 0x00, 0x00, 0x00, 0x00, 0x00,
    0x00, 0x00, 0x00, 0x00, 0x00, 0x00, 0x00, 0x00, 0x00, 0x00, 0x00, 0x00,
    0x00, 0x00, 0x00, 0x00, 0x00, 0x00, 0x00, 0x00, 0x00, 0x00, 0x00, 0x00,
    0x00, 0x00, 0x00, 0x00, 0x00, 0x00, 0x00, 0x00, 0x00, 0x00, 0x00, 0x00,
    0x00, 0x00, 0x00, 0x00, 0x00, 0x00, 0x00, 0x00, 0x00, 0x00, 0x00, 0x00,
    0x00, 0x00, 0x00, 0x00, 0x00, 0x00, 0x00, 0x00, 0x00, 0x00, 0x00, 0x00,
    0x00, 0x00, 0x00, 0x00, 0x00, 0x00, 0x00, 0x00, 0x00, 0x00, 0x00, 0x00,
    0x00, 0x00, 0x00, 0x00, 0x00, 0x00, 0x00, 0x00, 0x00, 0x00, 0x00, 0x00,
    0x00, 0x00, 0x00, 0x00, 0x00, 0x00, 0x00, 0x00, 0x00, 0x00, 0x00, 0x00,
    0x00, 0x00, 0x00, 0x00, 0x00, 0x00, 0x00, 0x00, 0x00, 0x00, 0x00, 0x00,
    0x00, 0x00, 0x00, 0x00, 0x00, 0x00, 0x00, 0x00, 0x00, 0x00, 0x00, 0x00,
    0x00, 0x00, 0x00, 0x00, 0x00, 0x00, 0x00, 0x00, 0x00, 0x00, 0x00, 0x00,
    0x00, 0x00, 0x00, 0x00, 0x00, 0x00, 0x00, 0x00, 0x00, 0x00, 0x00, 0x00,
    0x00, 0x00, 0x00, 0x00, 0x00, 0x00, 0x00, 0x00, 0x00, 0x00, 0x00, 0x00,
    0x00, 0x00, 0x00, 0x00, 0x00, 0x00, 0x00, 0x00, 0x00, 0x00, 0x00, 0x00,
    0x00, 0x00, 0x00, 0x00, 0x00, 0x00, 0x00, 0x00, 0x00, 0x00, 0x00, 0x00,
    0x00, 0x00, 0x00, 0x00, 0x00, 0x00, 0x00, 0x00, 0x00, 0x00, 0x00, 0x00,
    0x00, 0x00, 0x00, 0x00, 0x00, 0x00, 0x00, 0x00, 0x00, 0x00, 0x00, 0x00,
    0x00, 0x00, 0x00, 0x00, 0x00, 0x00, 0x00, 0x00, 0x00, 0x00, 0x00, 0x00,
    0x00, 0x00, 0x00, 0x00, 0x00, 0x00, 0x00, 0x00, 0x00, 0x00, 0x00, 0x00,
    0x00, 0x00, 0x00, 0x00, 0x00, 0x00, 0x00, 0x00, 0x00, 0x00, 0x00, 0x00,
    0x00, 0x00, 0x00, 0x00, 0x00, 0x00, 0x00, 0x00, 0x00, 0x00, 0x00, 0x00,
    0x00, 0x00, 0x00, 0x00, 0x00, 0x00, 0x00, 0x00, 0x00, 0x00, 0x00, 0x00,
    0x00, 0x00, 0x00, 0x00, 0x00, 0x00, 0x00, 0x00, 0x00, 0x00, 0x00, 0x00,
    0x00, 0x00, 0x00, 0x00, 0x00, 0x00, 0x00, 0x00, 0x00, 0x00, 0x00, 0x00,
    0x00, 0x00, 0x00, 0x00, 0x00, 0x00, 0x00, 0x00, 0x00, 0x00, 0x00, 0x00,
    0x00, 0x00, 0x00, 0x00, 0x00, 0x00, 0x00, 0x00, 0x00, 0x00, 0x00, 0x00,
    0x00, 0x00, 0x00, 0x00, 0x00, 0x00, 0x00, 0x00, 0x00, 0x00, 0x00, 0x00,
    0x00, 0x00, 0x00, 0x00, 0x00, 0x00, 0x00, 0x00, 0x00, 0x00, 0x00, 0x00,
    0x00, 0x00, 0x00, 0x00, 0x00, 0x00, 0x00, 0x00, 0x00, 0x00, 0x00, 0x00,
    0x00, 0x00, 0x00, 0x00, 0x00, 0x00, 0x00, 0x00, 0x00, 0x00, 0x00, 0x00,
    0x00, 0x00, 0x00, 0x00, 0x00, 0x00, 0x00, 0x00, 0x00, 0x00, 0x00, 0x00,
    0x00, 0x00, 0x00, 0x00, 0x00, 0x00, 0x00, 0x00, 0x00, 0x00, 0x00, 0x00,
    0x00, 0x00, 0x00, 0x00, 0x00, 0x00, 0x00, 0x00, 0x00, 0x00, 0x00, 0x00,
    0x00, 0x00, 0x00, 0x00, 0x00, 0x00, 0x00, 0x00, 0x00, 0x00, 0x00, 0x00,
    0x00, 0x00, 0x00, 0x00, 0x00, 0x00, 0x00, 0x00, 0x00, 0x00, 0x00, 0x00,
    0x00, 0x00, 0x00, 0x00, 0x00, 0x00, 0x00, 0x00, 0x00, 0x00, 0x00, 0x00,
    0x00, 0x00, 0x00, 0x00, 0x00, 0x00, 0x00, 0x00, 0x00, 0x00, 0x00, 0x00,
    0x00, 0x00, 0x00, 0x00, 0x00, 0x00, 0x00, 0x00, 0x00, 0x00, 0x00, 0x00,
    0x00, 0x00, 0x00, 0x00, 0x00, 0x00, 0x00, 0x00, 0x00, 0x00, 0x00, 0x00,
    0x00, 0x00, 0x00, 0x00, 0x00, 0x00, 0x00, 0x00, 0x00, 0x00, 0x00, 0x00,
    0x00, 0x00, 0x00, 0x00, 0x00, 0x00, 0x00, 0x00, 0x00, 0x00, 0x00, 0x00,
    0x00, 0x00, 0x00, 0x00, 0x00, 0x00, 0x00, 0x00, 0x00, 0x00, 0x00, 0x00,
    0x00, 0x00, 0x00, 0x00, 0x00, 0x00, 0x00, 0x00, 0x00, 0x00, 0x00, 0x00,
    0x00, 0x00, 0x00, 0x00, 0x00, 0x00, 0x00, 0x00, 0x00, 0x00, 0x00, 0x00,
    0x00, 0x00, 0x00, 0x00, 0x00, 0x00, 0x00, 0x00, 0x00, 0x00, 0x00, 0x00,
    0x00, 0x00, 0x00, 0x00, 0x00, 0x00, 0x00, 0x00, 0x00, 0x00, 0x00, 0x00,
    0x00, 0x00, 0x00, 0x00, 0x00, 0x00, 0x00, 0x00, 0x00, 0x00, 0x00, 0x00,
    0x00, 0x00, 0x00, 0x00, 0x00, 0x00, 0x00, 0x00, 0x00, 0x00, 0x00, 0x00,
    0x00, 0x00, 0x00, 0x00, 0x00, 0x00, 0x00, 0x00, 0x00, 0x00, 0x00, 0x00,
    0x00, 0x00, 0x00, 0x00, 0x00, 0x00, 0x00, 0x00, 0x00, 0x00, 0x00, 0x00,
    0x00, 0x00, 0x00, 0x00, 0x00, 0x00, 0x00, 0x00, 0x00, 0x00, 0x00, 0x00,
    0x00, 0x00, 0x00, 0x00, 0x00, 0x00, 0x00, 0x00, 0x00, 0x00, 0x00, 0x00,
    0x00, 0x00, 0x00, 0x00, 0x00, 0x00, 0x00, 0x00, 0x00, 0x00, 0x00, 0x00,
    0x00, 0x00, 0x00, 0x00, 0x00, 0x00, 0x00, 0x00, 0x00, 0x00, 0x00, 0x00,
    0x00, 0x00, 0x00, 0x00, 0x00, 0x00, 0x00, 0x00, 0x00, 0x00, 0x00, 0x00,
    0x00, 0x00, 0x00, 0x00, 0x00, 0x00, 0x00, 0x00, 0x00, 0x00, 0x00, 0x00,
    0x00, 0x00, 0x00, 0x00, 0x00, 0x00, 0x00, 0x00, 0x00, 0x00, 0x00, 0x00,
    0x00, 0x00, 0x00, 0x00, 0x00, 0x00, 0x00, 0x00, 0x00, 0x00, 0x00, 0x00,
    0x00, 0x00, 0x00, 0x00, 0x00, 0x00, 0x00, 0x00, 0x00, 0x00, 0x00, 0x00,
    0x00, 0x00, 0x00, 0x00, 0x00, 0x00, 0x00, 0x00, 0x00, 0x00, 0x00, 0x00,
    0x00, 0x00, 0x00, 0x00, 0x00, 0x00, 0x00, 0x00, 0x00, 0x00, 0x00, 0x00,
    0x00, 0x00, 0x00, 0x00, 0x00, 0x00, 0x00, 0x00, 0x00, 0x00, 0x00, 0x00,
    0x00, 0x00, 0x00, 0x00, 0x00, 0x00, 0x00, 0x00, 0x00, 0x00, 0x00, 0x00,
    0x00, 0x00, 0x00, 0x00, 0x00, 0x00, 0x00, 0x00, 0x00, 0x00, 0x00, 0x00,
    0x00, 0x00, 0x00, 0x00, 0x00, 0x00, 0x00, 0x00, 0x00, 0x00, 0x00, 0x00,
    0x00, 0x00, 0x00, 0x00, 0x00, 0x00, 0x00, 0x00, 0x00, 0x00, 0x00, 0x00,
    0x00, 0x00, 0x00, 0x00, 0x00, 0x00, 0x00, 0x00, 0x00, 0x00, 0x00, 0x00,
    0x00, 0x00, 0x00, 0x00, 0x00, 0x00, 0x00, 0x00, 0x00, 0x00, 0x00, 0x00,
    0x00, 0x00, 0x00, 0x00, 0x00, 0x00, 0x00, 0x00, 0x00, 0x00, 0x00, 0x00,
    0x00, 0x00, 0x00, 0x00, 0x00, 0x00, 0x00, 0x00, 0x00, 0x00, 0x00, 0x00,
    0x00, 0x00, 0x00, 0x00, 0x00, 0x00, 0x00, 0x00, 0x00, 0x00, 0x00, 0x00,
    0x00, 0x00, 0x00, 0x00, 0x00, 0x00, 0x00, 0x00, 0x00, 0x00, 0x00, 0x00,
    0x00, 0x00, 0x00, 0x00, 0x00, 0x00, 0x00, 0x00, 0x00, 0x00, 0x00, 0x00,
    0x00, 0x00, 0x00, 0x00, 0x00, 0x00, 0x00, 0x00, 0x00, 0x00, 0x00, 0x00,
    0x00, 0x00, 0x00, 0x00, 0x00, 0x00, 0x00, 0x00, 0x00, 0x00, 0x00, 0x00,
    0x00, 0x00, 0x00, 0x00, 0x00, 0x00, 0x00, 0x00, 0x00, 0x00, 0x00, 0x00,
    0x00, 0x00, 0x00, 0x00, 0x00, 0x00, 0x00, 0x00, 0x00, 0x00, 0x00, 0x00,
    0x00, 0x00, 0x00, 0x00, 0x00, 0x00, 0x00, 0x00, 0x00, 0x00, 0x00, 0x00,
    0x00, 0x00, 0x00, 0x00, 0x00, 0x00, 0x00, 0x00, 0x00, 0x00, 0x00, 0x00,
    0x00, 0x00, 0x00, 0x00, 0x00, 0x00, 0x00, 0x00, 0x00, 0x00, 0x00, 0x00,
    0x00, 0x00, 0x00, 0x00, 0x00, 0x00, 0x00, 0x00, 0x00, 0x00, 0x00, 0x00,
    0x00, 0x00, 0x00, 0x00, 0x00, 0x00, 0x00, 0x00, 0x00, 0x00, 0x00, 0x00,
    0x00, 0x00, 0x00, 0x00, 0x00, 0x00, 0x00, 0x00, 0x00, 0x00, 0x00, 0x00,
    0x00, 0x00, 0x00, 0x00, 0x00, 0x00, 0x00, 0x00, 0x00, 0x00, 0x00, 0x00,
    0x00, 0x00, 0x00, 0x00, 0x00, 0x00, 0x00, 0x00, 0x00, 0x00, 0x00, 0x00,
    0x00, 0x00, 0x00, 0x00, 0x00, 0x00, 0x00, 0x00, 0x00, 0x00, 0x00, 0x00,
    0x00, 0x00, 0x00, 0x00, 0x00, 0x00, 0x00, 0x00, 0x00, 0x00, 0x00, 0x00,
    0x00, 0x00, 0x00, 0x00, 0x00, 0x00, 0x00, 0x00, 0x00, 0x00, 0x00, 0x00,
    0x00, 0x00, 0x00, 0x00, 0x00, 0x00, 0x00, 0x00, 0x00, 0x00, 0x00, 0x00,
    0x00, 0x00, 0x00, 0x00, 0x00, 0x00, 0x00, 0x00, 0x00, 0x00, 0x00, 0x00,
    0x00, 0x00, 0x00, 0x00, 0x00, 0x00, 0x00, 0x00, 0x00, 0x00, 0x00, 0x00,
    0x00, 0x00, 0x00, 0x00, 0x00, 0x00, 0x00, 0x00, 0x00, 0x00, 0x00, 0x00,
    0x00, 0x00, 0x00, 0x00, 0x00, 0x00, 0x00, 0x00, 0x00, 0x00, 0x00, 0x00,
    0x00, 0x00, 0x00, 0x00, 0x00, 0x00, 0x00, 0x00, 0x00, 0x00, 0x00, 0x00,
    0x00, 0x00, 0x00, 0x00, 0x00, 0x00, 0x00, 0x00, 0x00, 0x00, 0x00, 0x00,
    0x00, 0x00, 0x00, 0x00, 0x00, 0x00, 0x00, 0x00, 0x00, 0x00, 0x00, 0x00,
    0x00, 0x00, 0x00, 0x00, 0x00, 0x00, 0x00, 0x00, 0x00, 0x00, 0x00, 0x00,
    0x00, 0x00, 0x00, 0x00, 0x00, 0x00, 0x00, 0x00, 0x00, 0x00, 0x00, 0x00,
    0x00, 0x00, 0x00, 0x00, 0x00, 0x00, 0x00, 0x00, 0x00, 0x00, 0x00, 0x00,
    0x00, 0x00, 0x00, 0x00, 0x00, 0x00, 0x00, 0x00, 0x00, 0x00, 0x00, 0x00,
    0x00, 0x00, 0x00, 0x00, 0x00, 0x00, 0x00, 0x00, 0x00, 0x00, 0x00, 0x00,
    0x00, 0x00, 0x00, 0x00, 0x00, 0x00, 0x00, 0x00, 0x00, 0x00, 0x00, 0x00,
    0x00, 0x00, 0x00, 0x00, 0x00, 0x00, 0x00, 0x00, 0x00, 0x00, 0x00, 0x00,
    0x00, 0x00, 0x00, 0x00, 0x00, 0x00, 0x00, 0x00, 0x00, 0x00, 0x00, 0x00,
    0x00, 0x00, 0x00, 0x00, 0x00, 0x00, 0x00, 0x00, 0x00, 0x00, 0x00, 0x00,
    0x00, 0x00, 0x00, 0x00, 0x00, 0x00, 0x00, 0x00, 0x00, 0x00, 0x00, 0x00,
    0x00, 0x00, 0x00, 0x00, 0x00, 0x00, 0x00, 0x00, 0x00, 0x00, 0x00, 0x00,
    0x00, 0x00, 0x00, 0x00, 0x00, 0x00, 0x00, 0x00, 0x00, 0x00, 0x00, 0x00,
    0x00, 0x00, 0x00, 0x00, 0x00, 0x00, 0x00, 0x00, 0x00, 0x00, 0x00, 0x00,
    0x00, 0x00, 0x00, 0x00, 0x00, 0x00, 0x00, 0x00, 0x00, 0x00, 0x00, 0x00,
    0x00, 0x00, 0x00, 0x00, 0x00, 0x00, 0x00, 0x00, 0x00, 0x00, 0x00, 0x00,
    0x00, 0x00, 0x00, 0x00, 0x00, 0x00, 0x00, 0x00, 0x00, 0x00, 0x00, 0x00,
    0x00, 0x00, 0x00, 0x00, 0x00, 0x00, 0x00, 0x00, 0x00, 0x00, 0x00, 0x00,
    0x00, 0x00, 0x00, 0x00, 0x00, 0x00, 0x00, 0x00, 0x00, 0x00, 0x00, 0x00,
    0x00, 0x00, 0x00, 0x00, 0x00, 0x00, 0x00, 0x00, 0x00, 0x00, 0x00, 0x00,
    0x00, 0x00, 0x00, 0x00, 0x00, 0x00, 0x00, 0x00, 0x00, 0x00, 0x00, 0x00,
    0x00, 0x00, 0x00, 0x00, 0x00, 0x00, 0x00, 0x00, 0x00, 0x00, 0x00, 0x00,
    0x00, 0x00, 0x00, 0x00, 0x00, 0x00, 0x00, 0x00, 0x00, 0x00, 0x00, 0x00,
    0x00, 0x00, 0x00, 0x00, 0x00, 0x00, 0x00, 0x00, 0x00, 0x00, 0x00, 0x00,
    0x00, 0x00, 0x00, 0x00, 0x00, 0x00, 0x00, 0x00, 0x00, 0x00, 0x00, 0x00,
    0x00, 0x00, 0x00, 0x00, 0x00, 0x00, 0x00, 0x00, 0x00, 0x00, 0x00, 0x00,
    0x00, 0x00, 0x00, 0x00, 0x00, 0x00, 0x00, 0x00, 0x00, 0x00, 0x00, 0x00,
    0x00, 0x00, 0x00, 0x00, 0x00, 0x00, 0x00, 0x00, 0x00, 0x00, 0x00, 0x00,
    0x00, 0x00, 0x00, 0x00, 0x00, 0x00, 0x00, 0x00, 0x00, 0x00, 0x00, 0x00,
    0x00, 0x00, 0x00, 0x00, 0x00, 0x00, 0x00, 0x00, 0x00, 0x00, 0x00, 0x00,
    0x00, 0x00, 0x00, 0x00, 0x00, 0x00, 0x00, 0x00, 0x00, 0x00, 0x00, 0x00,
    0x00, 0x00, 0x00, 0x00, 0x00, 0x00, 0x00, 0x00, 0x00, 0x00, 0x00, 0x00,
    0x00, 0x00, 0x00, 0x00, 0x00, 0x00, 0x00, 0x00, 0x00, 0x00, 0x00, 0x00,
    0x00, 0x00, 0x00, 0x00, 0x00, 0x00, 0x00, 0x00, 0x00, 0x00, 0x00, 0x00,
    0x00, 0x00, 0x00, 0x00, 0x00, 0x00, 0x00, 0x00, 0x00, 0x00, 0x00, 0x00,
    0x00, 0x00, 0x00, 0x00, 0x00, 0x00, 0x00, 0x00, 0x00, 0x00, 0x00, 0x00,
    0x00, 0x00, 0x00, 0x00, 0x00, 0x00, 0x00, 0x00, 0x00, 0x00, 0x00, 0x00,
    0x00, 0x00, 0x00, 0x00, 0x00, 0x00, 0x00, 0x00, 0x00, 0x00, 0x00, 0x00,
    0x00, 0x00, 0x00, 0x00, 0x00, 0x00, 0x00, 0x00, 0x00, 0x00, 0x00, 0x00,
    0x00, 0x00, 0x00, 0x00, 0x00, 0x00, 0x00, 0x00, 0x00, 0x00, 0x00, 0x00,
    0x00, 0x00, 0x00, 0x00, 0x00, 0x00, 0x00, 0x00, 0x00, 0x00, 0x00, 0x00,
    0x00, 0x00, 0x00, 0x00, 0x00, 0x00, 0x00, 0x00, 0x00, 0x00, 0x00, 0x00,
    0x00, 0x00, 0x00, 0x00, 0x00, 0x00, 0x00, 0x00, 0x00, 0x00, 0x00, 0x00,
    0x00, 0x00, 0x00, 0x00, 0x00, 0x00, 0x00, 0x00, 0x00, 0x00, 0x00, 0x00,
    0x00, 0x00, 0x00, 0x00, 0x00, 0x00, 0x00, 0x00, 0x00, 0x00, 0x00, 0x00,
    0x00, 0x00, 0x00, 0x00, 0x00, 0x00, 0x00, 0x00, 0x00, 0x00, 0x00, 0x00,
    0x00, 0x00, 0x00, 0x00, 0x00, 0x00, 0x00, 0x00, 0x00, 0x00, 0x00, 0x00,
    0x00, 0x00, 0x00, 0x00, 0x00, 0x00, 0x00, 0x00, 0x00, 0x00, 0x00, 0x00,
    0x00, 0x00, 0x00, 0x00, 0x00, 0x00, 0x00, 0x00, 0x00, 0x00, 0x00, 0x00,
    0x00, 0x00, 0x00, 0x00, 0x00, 0x00, 0x00, 0x00, 0x00, 0x00, 0x00, 0x00,
    0x00, 0x00, 0x00, 0x00, 0x00, 0x00, 0x00, 0x00, 0x00, 0x00, 0x00, 0x00,
    0x00, 0x00, 0x00, 0x00, 0x00, 0x00, 0x00, 0x00, 0x00, 0x00, 0x00, 0x00,
    0x00, 0x00, 0x00, 0x00, 0x00, 0x00, 0x00, 0x00, 0x00, 0x00, 0x00, 0x00,
    0x00, 0x00, 0x00, 0x00, 0x00, 0x00, 0x00, 0x00, 0x00, 0x00, 0x00, 0x00,
    0x00, 0x00, 0x00, 0x00, 0x00, 0x00, 0x00, 0x00, 0x00, 0x00, 0x00, 0x00,
    0x00, 0x00, 0x00, 0x00, 0x00, 0x00, 0x00, 0x00, 0x00, 0x00, 0x00, 0x00,
    0x00, 0x00, 0x00, 0x00, 0x00, 0x00, 0x00, 0x00, 0x00, 0x00, 0x00, 0x00,
    0x00, 0x00, 0x00, 0x00, 0x00, 0x00, 0x00, 0x00, 0x00, 0x00, 0x00, 0x00,
    0x00, 0x00, 0x00, 0x00, 0x00, 0x00, 0x00, 0x00, 0x00, 0x00, 0x00, 0x00,
    0x00, 0x00, 0x00, 0x00, 0x00, 0x00, 0x00, 0x00, 0x00, 0x00, 0x00, 0x00,
    0x00, 0x00, 0x00, 0x00, 0x00, 0x00, 0x00, 0x00, 0x00, 0x00, 0x00, 0x00,
    0x00, 0x00, 0x00, 0x00, 0x00, 0x00, 0x00, 0x00, 0x00, 0x00, 0x00, 0x00,
    0x00, 0x00, 0x00, 0x00, 0x00, 0x00, 0x00, 0x00, 0x00, 0x00, 0x00, 0x00,
    0x00, 0x00, 0x00, 0x00, 0x00, 0x00, 0x00, 0x00, 0x00, 0x00, 0x00, 0x00,
    0x00, 0x00, 0x00, 0x00, 0x00, 0x00, 0x00, 0x00, 0x00, 0x00, 0x00, 0x00,
    0x00, 0x00, 0x00, 0x00, 0x00, 0x00, 0x00, 0x00, 0x00, 0x00, 0x00, 0x00,
    0x00, 0x00, 0x00, 0x00, 0x00, 0x00, 0x00, 0x00, 0x00, 0x00, 0x00, 0x00,
    0x00, 0x00, 0x00, 0x00, 0x00, 0x00, 0x00, 0x00, 0x00, 0x00, 0x00, 0x00,
    0x00, 0x00, 0x00, 0x00, 0x00, 0x00, 0x00, 0x00, 0x00, 0x00, 0x00, 0x00,
    0x00, 0x00, 0x00, 0x00, 0x00, 0x00, 0x00, 0x00, 0x00, 0x00, 0x00, 0x00,
    0x00, 0x00, 0x00, 0x00, 0x00, 0x00, 0x00, 0x00, 0x00, 0x00, 0x00, 0x00,
    0x00, 0x00, 0x00, 0x00, 0x00, 0x00, 0x00, 0x00, 0x00, 0x00, 0x00, 0x00,
    0x00, 0x00, 0x00, 0x00, 0x00, 0x00, 0x00, 0x00, 0x00, 0x00, 0x00, 0x00,
    0x00, 0x00, 0x00, 0x00, 0x00, 0x00, 0x00, 0x00, 0x00, 0x00, 0x00, 0x00,
    0x00, 0x00, 0x00, 0x00, 0x00, 0x00, 0x00, 0x00, 0x00, 0x00, 0x00, 0x00,
    0x00, 0x00, 0x00, 0x00, 0x00, 0x00, 0x00, 0x00, 0x00, 0x00, 0x00, 0x00,
    0x00, 0x00, 0x00, 0x00, 0x00, 0x00, 0x00, 0x00, 0x00, 0x00, 0x00, 0x00,
    0x00, 0x00, 0x00, 0x00, 0x00, 0x00, 0x00, 0x00, 0x00, 0x00, 0x00, 0x00,
    0x00, 0x00, 0x00, 0x00, 0x00, 0x00, 0x00, 0x00, 0x00, 0x00, 0x00, 0x00,
    0x00, 0x00, 0x00, 0x00, 0x00, 0x00, 0x00, 0x00, 0x00, 0x00, 0x00, 0x00,
    0x00, 0x00, 0x00, 0x00, 0x00, 0x00, 0x00, 0x00, 0x00, 0x00, 0x00, 0x00,
    0x00, 0x00, 0x00, 0x00, 0x00, 0x00, 0x00, 0x00, 0x00, 0x00, 0x00, 0x00,
    0x00, 0x00, 0x00, 0x00, 0x00, 0x00, 0x00, 0x00, 0x00, 0x00, 0x00, 0x00,
    0x00, 0x00, 0x00, 0x00, 0x00, 0x00, 0x00, 0x00, 0x00, 0x00, 0x00, 0x00,
    0x00, 0x00, 0x00, 0x00, 0x00, 0x00, 0x00, 0x00, 0x00, 0x00, 0x00, 0x00,
    0x00, 0x00, 0x00, 0x00, 0x00, 0x00, 0x00, 0x00, 0x00, 0x00, 0x00, 0x00,
    0x00, 0x00, 0x00, 0x00, 0x00, 0x00, 0x00, 0x00, 0x00, 0x00, 0x00, 0x00,
    0x00, 0x00, 0x00, 0x00, 0x00, 0x00, 0x00, 0x00, 0x00, 0x00, 0x00, 0x00,
    0x00, 0x00, 0x00, 0x00, 0x00, 0x00, 0x00, 0x00, 0x00, 0x00, 0x00, 0x00,
    0x00, 0x00, 0x00, 0x00, 0x00, 0x00, 0x00, 0x00, 0x00, 0x00, 0x00, 0x00,
    0x00, 0x00, 0x00, 0x00, 0x00, 0x00, 0x00, 0x00, 0x00, 0x00, 0x00, 0x00,
    0x00, 0x00, 0x00, 0x00, 0x00, 0x00, 0x00, 0x00, 0x00, 0x00, 0x00, 0x00,
    0x00, 0x00, 0x00, 0x00, 0x00, 0x00, 0x00, 0x00, 0x00, 0x00, 0x00, 0x00,
    0x00, 0x00, 0x00, 0x00, 0x00, 0x00, 0x00, 0x00, 0x00, 0x00, 0x00, 0x00,
    0x00, 0x00, 0x00, 0x00, 0x00, 0x00, 0x00, 0x00, 0x00, 0x00, 0x00, 0x00,
    0x00, 0x00, 0x00, 0x00, 0x13, 0x01, 0x01, 0xf7, 0x23, 0x34, 0x11, 0x08,
    0x23, 0x30, 0x81, 0x08, 0x23, 0x3c, 0x91, 0x06, 0x23, 0x38, 0x21, 0x07,
    0x23, 0x34, 0x31, 0x07, 0x23, 0x30, 0x41, 0x07, 0x23, 0x3c, 0x51, 0x05,
    0x23, 0x38, 0x61, 0x05, 0x23, 0x34, 0x71, 0x05, 0x23, 0x30, 0x81, 0x05,
    0x23, 0x3c, 0x91, 0x03, 0x23, 0x38, 0xa1, 0x03, 0x23, 0x34, 0xb1, 0x03,
    0x37, 0x35, 0x01, 0x00, 0x13, 0x05, 0xc5, 0xd6, 0x93, 0x05, 0x00, 0x01,
    0x93, 0x08, 0x40, 0x40, 0x13, 0x06, 0x00, 0x00, 0x73, 0x00, 0x00, 0x00,
    0x63, 0x4c, 0xa0, 0x00, 0x37, 0x35, 0x01, 0x00, 0x93, 0x05, 0x30, 0x03,
    0x23, 0x06, 0xb5, 0xd6, 0x13, 0x05, 0xc5, 0xd6, 0xa3, 0x00, 0x05, 0x00,
    0x93, 0x04, 0x00, 0x00, 0x37, 0x05, 0x00, 0x80, 0x1b, 0x05, 0xf5, 0xff,
    0x23, 0x38, 0xa1, 0x00, 0x37, 0x39, 0x01, 0x00, 0x13, 0x09, 0xc9, 0xd7,
    0xb7, 0x27, 0x01, 0x00, 0x93, 0x87, 0x87, 0xcd, 0x13, 0x0c, 0xd9, 0xff,
    0x13, 0x08, 0x40, 0x00, 0x93, 0x02, 0x00, 0x20, 0x13, 0x03, 0xe0, 0x02,
    0x93, 0x0c, 0xe0, 0xff, 0xb7, 0x3d, 0x01, 0x00, 0x93, 0x8d, 0xcd, 0xdf,
    0x13, 0x8a, 0x0d, 0x01, 0xb7, 0x3b, 0x01, 0x00, 0x93, 0x8b, 0xcb, 0xef,
    0x37, 0x1b, 0x00, 0x00, 0x1b, 0x0b, 0xfb, 0xff, 0xb7, 0x23, 0x01, 0x00,
    0x93, 0x83, 0x63, 0xcf, 0x37, 0x4d, 0x01, 0x00, 0x13, 0x0d, 0xcd, 0x52,
    0x37, 0x64, 0x01, 0x00, 0x13, 0x04, 0xc4, 0xa2, 0x93, 0x08, 0x10, 0x40,
    0x93, 0x85, 0x04, 0x00, 0x13, 0x06, 0x09, 0x00, 0x13, 0x85, 0x07, 0x00,
    0x73, 0x00, 0x00, 0x00, 0x63, 0x42, 0x05, 0x3e, 0x93, 0x05, 0x00, 0x00,
    0x13, 0x06, 0x0c, 0x00, 0x33, 0x05, 0xb9, 0x00, 0x83, 0x46, 0x05, 0x00,
    0x13, 0x05, 0x06, 0x00, 0x93, 0x85, 0x15, 0x00, 0x13, 0x06, 0x16, 0x00,
    0xe3, 0x96, 0x06, 0xfe, 0x13, 0x86, 0xf5, 0xff, 0x63, 0x6a, 0x06, 0x3b,
    0xb3, 0x05, 0xb9, 0x00, 0x83, 0xc5, 0xb5, 0xff, 0x63, 0x94, 0x65, 0x3a,
    0x93, 0x05, 0x10, 0x00, 0x37, 0x26, 0x01, 0x00, 0x13, 0x06, 0x76, 0xd4,
    0x63, 0x84, 0x95, 0x03, 0x83, 0x46, 0x05, 0x00, 0x03, 0x47, 0x06, 0x00,
    0x13, 0x05, 0x15, 0x00, 0x93, 0x85, 0xf5, 0xff, 0x13, 0x06, 0x16, 0x00,
    0xe3, 0x84, 0xe6, 0xfe, 0x33, 0x05, 0xb0, 0x40, 0x93, 0x05, 0x30, 0x00,
    0x63, 0x6a, 0xb5, 0x36, 0x37, 0x35, 0x01, 0x00, 0x03, 0x25, 0x85, 0xd6,
    0x93, 0x05, 0x70, 0x01, 0x63, 0xc6, 0xa5, 0x36, 0x93, 0x05, 0xf0, 0x02,
    0x37, 0x25, 0x01, 0x00, 0x13, 0x05, 0xd5, 0xcf, 0x13, 0x86, 0x0d, 0x00,
    0x23, 0x00, 0xb6, 0x00, 0x83, 0x45, 0x05, 0x00, 0x13, 0x06, 0x16, 0x00,
    0x13, 0x05, 0x15, 0x00, 0xe3, 0x18, 0x46, 0xff, 0x13, 0x05, 0x00, 0x00,
    0x23, 0x88, 0x0d, 0x00, 0x13, 0x06, 0x10, 0x00, 0x93, 0x07, 0xf0, 0x0f,
    0xb3, 0x85, 0xad, 0x00, 0x83, 0xc6, 0x05, 0x00, 0x93, 0x05, 0x06, 0x00,
    0x13, 0x05, 0x15, 0x00, 0x13, 0x06, 0x16, 0x00, 0xe3, 0x96, 0x06, 0xfe,
    0x37, 0x36, 0x01, 0x00, 0x03, 0x46, 0xc6, 0xd7, 0x63, 0x08, 0x06, 0x02,
    0x93, 0x06, 0x00, 0x00, 0x63, 0xe8, 0xb7, 0x02, 0x33, 0x87, 0xbd, 0x00,
    0xa3, 0x0f, 0xc7, 0xfe, 0x33, 0x06, 0xd9, 0x00, 0x03, 0x46, 0x16, 0x00,
    0x13, 0x87, 0x16, 0x00, 0x93, 0x85, 0x15, 0x00, 0x93, 0x06, 0x07, 0x00,
    0xe3, 0x10, 0x06, 0xfe, 0x6f, 0x00, 0x00, 0x01, 0x13, 0x07, 0x00, 0x00,
    0x6f, 0x00, 0x80, 0x00, 0x13, 0x87, 0x06, 0x00, 0x33, 0x87, 0xed, 0x00,
    0x33, 0x05, 0xa7, 0x00, 0xa3, 0x0f, 0x05, 0xfe, 0x93, 0x08, 0x00, 0x40,
    0x93, 0x05, 0x00, 0x00, 0x13, 0x06, 0x00, 0x00, 0x13, 0x85, 0x0d, 0x00,
    0x73, 0x00, 0x00, 0x00, 0x83, 0x35, 0x01, 0x01, 0x93, 0x85, 0x15, 0x00,
    0xb3, 0x75, 0xb5, 0x00, 0x63, 0x92, 0x05, 0x72, 0x13, 0x07, 0x00, 0x00,
    0x83, 0x36, 0x01, 0x01, 0xb3, 0x76, 0xd5, 0x00, 0xb3, 0x85, 0xeb, 0x00,
    0x33, 0x06, 0xeb, 0x40, 0x93, 0x08, 0xf0, 0x03, 0x13, 0x85, 0x06, 0x00,
    0x73, 0x00, 0x00, 0x00, 0xb3, 0x05, 0xe5, 0x00, 0x93, 0x87, 0x05, 0x00,
    0x63, 0x44, 0xa0, 0x00, 0x93, 0x07, 0x07, 0x00, 0x63, 0x56, 0xa0, 0x00,
    0x13, 0x87, 0x07, 0x00, 0xe3, 0xea, 0x65, 0xfd, 0x93, 0x08, 0x90, 0x03,
    0x93, 0x05, 0x00, 0x00, 0x13, 0x06, 0x00, 0x00, 0x13, 0x85, 0x06, 0x00,
    0x73, 0x00, 0x00, 0x00, 0x33, 0x85, 0xfb, 0x00, 0x23, 0x00, 0x05, 0x00,
    0x63, 0xc4, 0x07, 0x6c, 0x93, 0x09, 0x04, 0x00, 0xb7, 0x4a, 0x01, 0x00,
    0x93, 0x85, 0xca, 0xef, 0x13, 0x06, 0x00, 0x01, 0x37, 0x25, 0x01, 0x00,
    0x13, 0x05, 0x55, 0xd3, 0x93, 0x86, 0x03, 0x00, 0x13, 0x84, 0x03, 0x00,
    0xef, 0x00, 0x40, 0x7f, 0x03, 0xc5, 0xca, 0xef, 0x63, 0x04, 0x05, 0x04,
    0x37, 0x46, 0x01, 0x00, 0x13, 0x06, 0xd6, 0xef, 0x93, 0x05, 0x04, 0x00,
    0xb7, 0x27, 0x01, 0x00, 0x93, 0x87, 0x87, 0xcd, 0x13, 0x08, 0x40, 0x00,
    0x93, 0x02, 0x00, 0x20, 0x13, 0x03, 0xe0, 0x02, 0x93, 0x03, 0x04, 0x00,
    0x13, 0x84, 0x09, 0x00, 0x83, 0xc6, 0x05, 0x00, 0x63, 0x1c, 0xd5, 0x02,
    0x03, 0x45, 0x06, 0x00, 0x93, 0x85, 0x15, 0x00, 0x13, 0x06, 0x16, 0x00,
    0xe3, 0x16, 0x05, 0xfe, 0x6f, 0x00, 0x40, 0x02, 0x93, 0x05, 0x04, 0x00,
    0xb7, 0x27, 0x01, 0x00, 0x93, 0x87, 0x87, 0xcd, 0x13, 0x08, 0x40, 0x00,
    0x93, 0x02, 0x00, 0x20, 0x13, 0x03, 0xe0, 0x02, 0x93, 0x03, 0x04, 0x00,
    0x13, 0x84, 0x09, 0x00, 0x83, 0xc5, 0x05, 0x00, 0x63, 0x18, 0xb5, 0x1a,
    0xb7, 0x49, 0x01, 0x00, 0x93, 0x85, 0xc9, 0xf0, 0x13, 0x06, 0x00, 0x02,
    0x37, 0x25, 0x01, 0x00, 0x13, 0x05, 0xe5, 0xcc, 0xb7, 0x26, 0x01, 0x00,
    0x93, 0x86, 0xa6, 0xcf, 0x93, 0x8a, 0x03, 0x00, 0xef, 0x00, 0xc0, 0x75,
    0x93, 0x83, 0x0a, 0x00, 0x13, 0x03, 0xe0, 0x02, 0x93, 0x02, 0x00, 0x20,
    0x13, 0x08, 0x40, 0x00, 0xb7, 0x27, 0x01, 0x00, 0x93, 0x87, 0x87, 0xcd,
    0x83, 0xc5, 0xc9, 0xf0, 0x13, 0x07, 0x00, 0x02, 0x63, 0x84, 0x05, 0x16,
    0x37, 0x35, 0x01, 0x00, 0x03, 0x45, 0xc5, 0xd6, 0x37, 0x46, 0x01, 0x00,
    0x13, 0x06, 0xc6, 0xf0, 0x63, 0x88, 0xe5, 0x02, 0x63, 0x88, 0x05, 0x14,
    0x63, 0x98, 0xa5, 0x00, 0x83, 0x46, 0x16, 0x00, 0x93, 0xe6, 0x06, 0x02,
    0x63, 0x84, 0xe6, 0x02, 0x63, 0x8e, 0x05, 0x12, 0xe3, 0x82, 0xe5, 0xfe,
    0x83, 0x45, 0x16, 0x00, 0x13, 0x06, 0x16, 0x00, 0xe3, 0x9a, 0x05, 0xfe,
    0x6f, 0x00, 0x80, 0x12, 0x83, 0x45, 0x16, 0x00, 0x13, 0x06, 0x16, 0x00,
    0x6f, 0xf0, 0x9f, 0xfc, 0x37, 0x36, 0x01, 0x00, 0x83, 0x29, 0x86, 0xd6,
    0x37, 0x35, 0x01, 0x00, 0x83, 0x45, 0xc5, 0xd7, 0x13, 0x85, 0x19, 0x00,
    0x23, 0x24, 0xa6, 0xd6, 0x13, 0x98, 0x69, 0x00, 0x37, 0x45, 0x01, 0x00,
    0x13, 0x05, 0xc5, 0xf2, 0x33, 0x05, 0x05, 0x01, 0x63, 0x88, 0x05, 0x02,
    0x93, 0x06, 0x00, 0x00, 0x93, 0x07, 0xe0, 0x03, 0x13, 0x86, 0x16, 0x00,
    0x33, 0x07, 0xd5, 0x00, 0x23, 0x00, 0xb7, 0x00, 0x63, 0xee, 0xc7, 0x00,
    0xb3, 0x06, 0xd9, 0x00, 0x83, 0xc5, 0x16, 0x00, 0x93, 0x06, 0x06, 0x00,
    0xe3, 0x92, 0x05, 0xfe, 0x6f, 0x00, 0x80, 0x00, 0x13, 0x06, 0x00, 0x00,
    0x33, 0x05, 0xc5, 0x00, 0x23, 0x00, 0x05, 0x00, 0xb3, 0x05, 0x0d, 0x01,
    0x13, 0x06, 0x00, 0x04, 0x37, 0x25, 0x01, 0x00, 0x13, 0x05, 0x05, 0xd3,
    0x93, 0x06, 0x09, 0x00, 0x23, 0x34, 0x01, 0x01, 0xef, 0x00, 0xc0, 0x66,
    0x13, 0x05, 0x00, 0x0a, 0xb3, 0x85, 0xa9, 0x02, 0x37, 0x55, 0x01, 0x00,
    0x13, 0x05, 0xc5, 0xb2, 0xb3, 0x05, 0xb5, 0x00, 0x13, 0x06, 0x00, 0x0a,
    0x37, 0x25, 0x01, 0x00, 0x13, 0x05, 0x85, 0xc9, 0x23, 0x30, 0x31, 0x01,
    0xb7, 0x29, 0x01, 0x00, 0x93, 0x89, 0x79, 0xcd, 0x93, 0x86, 0x09, 0x00,
    0xef, 0x00, 0x80, 0x63, 0x83, 0x35, 0x81, 0x00, 0xb3, 0x05, 0xb4, 0x00,
    0x13, 0x06, 0x00, 0x04, 0x37, 0x25, 0x01, 0x00, 0x13, 0x05, 0xd5, 0xd3,
    0x93, 0x86, 0x09, 0x00, 0xef, 0x00, 0xc0, 0x61, 0x83, 0x35, 0x01, 0x00,
    0x13, 0x95, 0x55, 0x00, 0x93, 0x95, 0x75, 0x00, 0xb3, 0x85, 0xa5, 0x40,
    0x37, 0x65, 0x01, 0x00, 0x13, 0x05, 0xc5, 0x02, 0xb3, 0x05, 0xb5, 0x00,
    0x13, 0x06, 0x00, 0x06, 0x37, 0x25, 0x01, 0x00, 0x13, 0x05, 0x05, 0xcc,
    0x93, 0x86, 0x09, 0x00, 0xef, 0x00, 0xc0, 0x5e, 0xb7, 0x27, 0x01, 0x00,
    0x93, 0x87, 0x87, 0xcd, 0x13, 0x08, 0x40, 0x00, 0x93, 0x02, 0x00, 0x20,
    0x13, 0x03, 0xe0, 0x02, 0x93, 0x83, 0x0a, 0x00, 0x93, 0x84, 0x14, 0x00,
    0xe3, 0x96, 0x54, 0xc0, 0x93, 0x0e, 0x00, 0x00, 0x37, 0x3f, 0x01, 0x00,
    0x03, 0x25, 0x8f, 0xd6, 0xb7, 0x73, 0x01, 0x00, 0x93, 0x83, 0xc3, 0x92,
    0x93, 0x0f, 0x00, 0x0a, 0xb7, 0x26, 0x01, 0x00, 0x93, 0x86, 0xd6, 0xd0,
    0x37, 0x27, 0x01, 0x00, 0x13, 0x07, 0x47, 0xd2, 0xb7, 0x27, 0x01, 0x00,
    0x93, 0x87, 0xf7, 0xd1, 0x93, 0x04, 0x1d, 0x00, 0x13, 0x09, 0x90, 0x01,
    0x63, 0x5e, 0xa0, 0x1c, 0x13, 0x0a, 0x00, 0x00, 0x93, 0x05, 0x00, 0x00,
    0xb7, 0x6a, 0x01, 0x00, 0x93, 0x8a, 0xca, 0x02, 0x13, 0x0e, 0x0d, 0x00,
    0x37, 0x53, 0x01, 0x00, 0x13, 0x03, 0xc3, 0xb2, 0xb7, 0x49, 0x01, 0x00,
    0x93, 0x89, 0xc9, 0xf2, 0x13, 0x1b, 0x2a, 0x00, 0x33, 0x8b, 0x63, 0x01,
    0x03, 0x26, 0x0b, 0x00, 0x63, 0x12, 0x06, 0x18, 0x93, 0x12, 0x6a, 0x00,
    0x33, 0x06, 0x54, 0x00, 0x03, 0x48, 0x06, 0x00, 0x63, 0x0c, 0x08, 0x06,
    0x63, 0x58, 0xa0, 0x16, 0x93, 0x08, 0x00, 0x00, 0x13, 0x08, 0x00, 0x00,
    0x93, 0x8b, 0x04, 0x00, 0x13, 0x9c, 0x28, 0x00, 0x33, 0x8c, 0x83, 0x01,
    0x03, 0x2c, 0x0c, 0x00, 0x63, 0x04, 0x0c, 0x04, 0x13, 0x9c, 0x68, 0x00,
    0x33, 0x0c, 0x8d, 0x01, 0x03, 0x4c, 0x0c, 0x00, 0x63, 0x04, 0x0c, 0x02,
    0x93, 0x8d, 0x0b, 0x00, 0x93, 0x0c, 0x06, 0x00, 0x83, 0xc0, 0x0c, 0x00,
    0x63, 0x1e, 0x1c, 0x00, 0x03, 0xcc, 0x0d, 0x00, 0x93, 0x8c, 0x1c, 0x00,
    0x93, 0x8d, 0x1d, 0x00, 0xe3, 0x16, 0x0c, 0xfe, 0x6f, 0x00, 0x80, 0x00,
    0x93, 0x0c, 0x06, 0x00, 0x83, 0xcc, 0x0c, 0x00, 0x63, 0x14, 0x9c, 0x01,
    0x13, 0x08, 0x10, 0x00, 0x93, 0x88, 0x18, 0x00, 0x93, 0x8b, 0x0b, 0x04,
    0xe3, 0x92, 0xa8, 0xfa, 0x63, 0x00, 0x08, 0x10, 0x33, 0x08, 0xfa, 0x03,
    0x37, 0x55, 0x01, 0x00, 0x13, 0x05, 0xc5, 0xb2, 0x33, 0x08, 0x05, 0x01,
    0x03, 0x45, 0x08, 0x00, 0x63, 0x0a, 0x05, 0x14, 0x93, 0x05, 0x81, 0x01,
    0x93, 0x08, 0x20, 0x40, 0x13, 0x06, 0x00, 0x00, 0x13, 0x05, 0x08, 0x00,
    0x73, 0x00, 0x00, 0x00, 0x1b, 0x05, 0x05, 0x00, 0x63, 0x12, 0x05, 0x1c,
    0x03, 0x45, 0x01, 0x02, 0x13, 0x75, 0x95, 0x04, 0xb3, 0x02, 0x5d, 0x00,
    0x63, 0x02, 0x05, 0x28, 0x13, 0x06, 0x10, 0x01, 0x93, 0x08, 0x00, 0x04,
    0x13, 0x05, 0x10, 0x00, 0x93, 0x85, 0x06, 0x00, 0x73, 0x00, 0x00, 0x00,
    0x13, 0x06, 0x00, 0x00, 0x33, 0x05, 0xce, 0x00, 0x03, 0x45, 0x05, 0x00,
    0x13, 0x06, 0x16, 0x00, 0xe3, 0x1a, 0x05, 0xfe, 0x13, 0x06, 0xf6, 0xff,
    0x93, 0x08, 0x00, 0x04, 0x13, 0x05, 0x10, 0x00, 0x93, 0x85, 0x02, 0x00,
    0x73, 0x00, 0x00, 0x00, 0x13, 0x15, 0x5a, 0x00, 0x93, 0x15, 0x7a, 0x00,
    0xb3, 0x85, 0xa5, 0x40, 0x37, 0x68, 0x01, 0x00, 0x13, 0x08, 0xc8, 0x02,
    0x33, 0x08, 0xb8, 0x00, 0x03, 0x45, 0x08, 0x00, 0x63, 0x00, 0x05, 0x04,
    0x13, 0x06, 0x40, 0x00, 0x93, 0x08, 0x00, 0x04, 0x13, 0x05, 0x10, 0x00,
    0x93, 0x85, 0x07, 0x00, 0x73, 0x00, 0x00, 0x00, 0x13, 0x06, 0x00, 0x00,
    0x33, 0x85, 0xca, 0x00, 0x03, 0x45, 0x05, 0x00, 0x13, 0x06, 0x16, 0x00,
    0xe3, 0x1a, 0x05, 0xfe, 0x13, 0x06, 0xf6, 0xff, 0x93, 0x08, 0x00, 0x04,
    0x13, 0x05, 0x10, 0x00, 0x93, 0x05, 0x08, 0x00, 0x73, 0x00, 0x00, 0x00,
    0x13, 0x06, 0x10, 0x00, 0x93, 0x08, 0x00, 0x04, 0x13, 0x05, 0x10, 0x00,
    0x93, 0x05, 0x07, 0x00, 0x73, 0x00, 0x00, 0x00, 0x03, 0x25, 0x8f, 0xd6,
    0x93, 0x05, 0x10, 0x00, 0x23, 0x20, 0xbb, 0x00, 0x13, 0x0a, 0x1a, 0x00,
    0x93, 0x89, 0x09, 0x04, 0x13, 0x03, 0x03, 0x0a, 0x13, 0x0e, 0x0e, 0x04,
    0x93, 0x8a, 0x0a, 0x06, 0xe3, 0x4e, 0xaa, 0xe4, 0x63, 0x86, 0x05, 0x00,
    0x9b, 0x8e, 0x1e, 0x00, 0xe3, 0x94, 0x2e, 0xe3, 0x63, 0x58, 0xa0, 0x02,
    0xb7, 0x46, 0x01, 0x00, 0x93, 0x86, 0xc6, 0x52, 0x13, 0x87, 0x06, 0x00,
    0x83, 0xa5, 0x03, 0x00, 0x63, 0x82, 0x05, 0x2e, 0x13, 0x07, 0x07, 0x04,
    0x93, 0x86, 0x06, 0x04, 0x13, 0x04, 0x04, 0x04, 0x13, 0x05, 0xf5, 0xff,
    0x93, 0x83, 0x43, 0x00, 0xe3, 0x12, 0x05, 0xfe, 0x93, 0x08, 0xd0, 0x05,
    0x93, 0x05, 0x00, 0x00, 0x13, 0x06, 0x00, 0x00, 0x13, 0x05, 0x00, 0x00,
    0x73, 0x00, 0x00, 0x00, 0x6f, 0x00, 0x00, 0x00, 0xb7, 0x25, 0x01, 0x00,
    0x93, 0x85, 0x65, 0xd2, 0x13, 0x06, 0x90, 0x00, 0x93, 0x08, 0x00, 0x04,
    0x13, 0x05, 0x10, 0x00, 0x73, 0x00, 0x00, 0x00, 0xb7, 0x45, 0x01, 0x00,
    0x93, 0x85, 0xc5, 0xf2, 0xb3, 0x85, 0x55, 0x00, 0x13, 0x06, 0xf0, 0xff,
    0x03, 0xc5, 0x09, 0x00, 0x13, 0x06, 0x16, 0x00, 0x93, 0x89, 0x19, 0x00,
    0xe3, 0x1a, 0x05, 0xfe, 0x93, 0x08, 0x00, 0x04, 0x13, 0x05, 0x10, 0x00,
    0x73, 0x00, 0x00, 0x00, 0xb7, 0x25, 0x01, 0x00, 0x93, 0x85, 0xd5, 0xc9,
    0x13, 0x06, 0xe0, 0x00, 0x93, 0x08, 0x00, 0x04, 0x13, 0x05, 0x10, 0x00,
    0x73, 0x00, 0x00, 0x00, 0xb7, 0x25, 0x01, 0x00, 0x93, 0x85, 0x45, 0xd2,
    0x13, 0x06, 0x10, 0x00, 0x93, 0x08, 0x00, 0x04, 0x13, 0x05, 0x10, 0x00,
    0x73, 0x00, 0x00, 0x00, 0x93, 0x08, 0xd0, 0x05, 0x13, 0x05, 0x10, 0x00,
    0x93, 0x05, 0x00, 0x00, 0x13, 0x06, 0x00, 0x00, 0x73, 0x00, 0x00, 0x00,
    0x6f, 0x00, 0x00, 0x00, 0xb7, 0x25, 0x01, 0x00, 0x93, 0x85, 0x65, 0xd2,
    0x13, 0x06, 0x90, 0x00, 0x93, 0x08, 0x00, 0x04, 0x13, 0x05, 0x10, 0x00,
    0x73, 0x00, 0x00, 0x00, 0x13, 0x06, 0x00, 0x00, 0xb7, 0x45, 0x01, 0x00,
    0x93, 0x85, 0xc5, 0x52, 0xb3, 0x85, 0x55, 0x00, 0x33, 0x05, 0xce, 0x00,
    0x03, 0x45, 0x05, 0x00, 0x13, 0x06, 0x16, 0x00, 0xe3, 0x1a, 0x05, 0xfe,
    0x13, 0x06, 0xf6, 0xff, 0x93, 0x08, 0x00, 0x04, 0x13, 0x05, 0x10, 0x00,
    0x73, 0x00, 0x00, 0x00, 0xb7, 0x25, 0x01, 0x00, 0x93, 0x85, 0x35, 0xd4,
    0x13, 0x06, 0x20, 0x00, 0x93, 0x08, 0x00, 0x04, 0x13, 0x05, 0x10, 0x00,
    0x73, 0x00, 0x00, 0x00, 0x13, 0x06, 0x00, 0x00, 0x33, 0x05, 0xc3, 0x00,
    0x03, 0x45, 0x05, 0x00, 0x13, 0x06, 0x16, 0x00, 0xe3, 0x1a, 0x05, 0xfe,
    0x13, 0x06, 0xf6, 0xff, 0x93, 0x08, 0x00, 0x04, 0x13, 0x05, 0x10, 0x00,
    0x93, 0x05, 0x08, 0x00, 0x73, 0x00, 0x00, 0x00, 0xb7, 0x25, 0x01, 0x00,
    0x93, 0x85, 0xb5, 0xd4, 0x13, 0x06, 0xb0, 0x00, 0x93, 0x08, 0x00, 0x04,
    0x13, 0x05, 0x10, 0x00, 0x73, 0x00, 0x00, 0x00, 0xb7, 0x25, 0x01, 0x00,
    0x93, 0x85, 0x45, 0xd2, 0x13, 0x06, 0x10, 0x00, 0x93, 0x08, 0x00, 0x04,
    0x13, 0x05, 0x10, 0x00, 0x73, 0x00, 0x00, 0x00, 0x93, 0x08, 0xd0, 0x05,
    0x13, 0x05, 0x10, 0x00, 0x93, 0x05, 0x00, 0x00, 0x13, 0x06, 0x00, 0x00,
    0x73, 0x00, 0x00, 0x00, 0x6f, 0x00, 0x00, 0x00, 0xb7, 0x25, 0x01, 0x00,
    0x93, 0x85, 0x65, 0xd2, 0x13, 0x06, 0x90, 0x00, 0x93, 0x08, 0x00, 0x04,
    0x13, 0x05, 0x10, 0x00, 0x73, 0x00, 0x00, 0x00, 0x13, 0x06, 0xf0, 0xff,
    0x03, 0x45, 0x0e, 0x00, 0x13, 0x06, 0x16, 0x00, 0x13, 0x0e, 0x1e, 0x00,
    0xe3, 0x1a, 0x05, 0xfe, 0x93, 0x08, 0x00, 0x04, 0x13, 0x05, 0x10, 0x00,
    0x93, 0x85, 0x02, 0x00, 0x73, 0x00, 0x00, 0x00, 0xb7, 0x25, 0x01, 0x00,
    0x93, 0x85, 0x35, 0xd4, 0x13, 0x06, 0x20, 0x00, 0x93, 0x08, 0x00, 0x04,
    0x13, 0x05, 0x10, 0x00, 0x73, 0x00, 0x00, 0x00, 0x13, 0x06, 0xf0, 0xff,
    0x03, 0x45, 0x03, 0x00, 0x13, 0x06, 0x16, 0x00, 0x13, 0x03, 0x13, 0x00,
    0xe3, 0x1a, 0x05, 0xfe, 0x93, 0x08, 0x00, 0x04, 0x13, 0x05, 0x10, 0x00,
    0x93, 0x05, 0x08, 0x00, 0x73, 0x00, 0x00, 0x00, 0xb7, 0x25, 0x01, 0x00,
    0x93, 0x85, 0xc5, 0xca, 0x13, 0x06, 0x30, 0x01, 0x93, 0x08, 0x00, 0x04,
    0x13, 0x05, 0x10, 0x00, 0x73, 0x00, 0x00, 0x00, 0xb7, 0x25, 0x01, 0x00,
    0x93, 0x85, 0x45, 0xd2, 0x13, 0x06, 0x10, 0x00, 0x93, 0x08, 0x00, 0x04,
    0x13, 0x05, 0x10, 0x00, 0x73, 0x00, 0x00, 0x00, 0x93, 0x08, 0xd0, 0x05,
    0x13, 0x05, 0x10, 0x00, 0x93, 0x05, 0x00, 0x00, 0x13, 0x06, 0x00, 0x00,
    0x73, 0x00, 0x00, 0x00, 0x6f, 0x00, 0x00, 0x00, 0xb7, 0x25, 0x01, 0x00,
    0x93, 0x85, 0x65, 0xd2, 0x13, 0x06, 0x90, 0x00, 0x93, 0x08, 0x00, 0x04,
    0x13, 0x05, 0x10, 0x00, 0x73, 0x00, 0x00, 0x00, 0x13, 0x06, 0x00, 0x00,
    0x37, 0x35, 0x01, 0x00, 0x13, 0x05, 0xc5, 0xdf, 0xb3, 0x05, 0xc5, 0x00,
    0x83, 0xc5, 0x05, 0x00, 0x13, 0x06, 0x16, 0x00, 0xe3, 0x9a, 0x05, 0xfe,
    0x13, 0x06, 0xf6, 0xff, 0xb7, 0x35, 0x01, 0x00, 0x93, 0x85, 0xc5, 0xdf,
    0x93, 0x08, 0x00, 0x04, 0x13, 0x05, 0x10, 0x00, 0x73, 0x00, 0x00, 0x00,
    0xb7, 0x25, 0x01, 0x00, 0x93, 0x85, 0x85, 0xce, 0x13, 0x06, 0xd0, 0x00,
    0x93, 0x08, 0x00, 0x04, 0x13, 0x05, 0x10, 0x00, 0x73, 0x00, 0x00, 0x00,
    0xb7, 0x25, 0x01, 0x00, 0x93, 0x85, 0x45, 0xd2, 0x13, 0x06, 0x10, 0x00,
    0x93, 0x08, 0x00, 0x04, 0x13, 0x05, 0x10, 0x00, 0x73, 0x00, 0x00, 0x00,
    0x93, 0x08, 0xd0, 0x05, 0x13, 0x05, 0x10, 0x00, 0x93, 0x05, 0x00, 0x00,
    0x13, 0x06, 0x00, 0x00, 0x73, 0x00, 0x00, 0x00, 0x6f, 0x00, 0x00, 0x00,
    0xb7, 0x25, 0x01, 0x00, 0x93, 0x85, 0x65, 0xd2, 0x13, 0x06, 0x90, 0x00,
    0x93, 0x08, 0x00, 0x04, 0x13, 0x05, 0x10, 0x00, 0x73, 0x00, 0x00, 0x00,
    0x13, 0x06, 0xf0, 0xff, 0x03, 0x45, 0x07, 0x00, 0x13, 0x06, 0x16, 0x00,
    0x13, 0x07, 0x17, 0x00, 0xe3, 0x1a, 0x05, 0xfe, 0x93, 0x08, 0x00, 0x04,
    0x13, 0x05, 0x10, 0x00, 0x93, 0x85, 0x06, 0x00, 0x73, 0x00, 0x00, 0x00,
    0xb7, 0x25, 0x01, 0x00, 0x93, 0x85, 0x75, 0xd5, 0x13, 0x06, 0xe0, 0x00,
    0x93, 0x08, 0x00, 0x04, 0x13, 0x05, 0x10, 0x00, 0x73, 0x00, 0x00, 0x00,
    0x03, 0x45, 0x04, 0x00, 0x63, 0x16, 0x05, 0x00, 0x37, 0x24, 0x01, 0x00,
    0x13, 0x04, 0xc4, 0xcc, 0x13, 0x06, 0x00, 0x00, 0x33, 0x05, 0xc4, 0x00,
    0x03, 0x45, 0x05, 0x00, 0x13, 0x06, 0x16, 0x00, 0xe3, 0x1a, 0x05, 0xfe,
    0x13, 0x06, 0xf6, 0xff, 0x93, 0x08, 0x00, 0x04, 0x13, 0x05, 0x10, 0x00,
    0x93, 0x05, 0x04, 0x00, 0x73, 0x00, 0x00, 0x00, 0xb7, 0x25, 0x01, 0x00,
    0x93, 0x85, 0x45, 0xd2, 0x13, 0x06, 0x10, 0x00, 0x93, 0x08, 0x00, 0x04,
    0x13, 0x05, 0x10, 0x00, 0x73, 0x00, 0x00, 0x00, 0x93, 0x08, 0xd0, 0x05,
    0x13, 0x05, 0x10, 0x00, 0x93, 0x05, 0x00, 0x00, 0x13, 0x06, 0x00, 0x00,
    0x73, 0x00, 0x00, 0x00, 0x6f, 0x00, 0x00, 0x00, 0x93, 0x07, 0x20, 0x00,
    0x13, 0x07, 0x00, 0x00, 0x63, 0x6c, 0xf6, 0x02, 0x83, 0xc7, 0x06, 0x00,
    0x63, 0x88, 0x07, 0x02, 0x13, 0x08, 0x00, 0x00, 0x93, 0x86, 0x16, 0x00,
    0x33, 0x87, 0x05, 0x01, 0x23, 0x00, 0xf7, 0x00, 0x93, 0x07, 0x28, 0x00,
    0x13, 0x07, 0x18, 0x00, 0x63, 0xfa, 0xc7, 0x00, 0x33, 0x88, 0x06, 0x01,
    0x83, 0x47, 0x08, 0x00, 0x13, 0x08, 0x07, 0x00, 0xe3, 0x90, 0x07, 0xfe,
    0x13, 0x01, 0x01, 0xfd, 0x23, 0x34, 0x81, 0x02, 0x23, 0x30, 0x91, 0x02,
    0x23, 0x3c, 0x21, 0x01, 0x23, 0x38, 0x31, 0x01, 0x23, 0x34, 0x41, 0x01,
    0x33, 0x87, 0xe5, 0x00, 0x23, 0x00, 0x07, 0x00, 0x13, 0x07, 0x10, 0x00,
    0x93, 0x06, 0x05, 0x00, 0x83, 0xc7, 0x06, 0x00, 0x13, 0x07, 0xf7, 0xff,
    0x93, 0x86, 0x16, 0x00, 0xe3, 0x9a, 0x07, 0xfe, 0xb7, 0x36, 0x01, 0x00,
    0x83, 0xc4, 0xc6, 0xef, 0x63, 0x86, 0x04, 0x16, 0x93, 0x07, 0x17, 0x00,
    0x33, 0x08, 0xe0, 0x40, 0xb7, 0x3f, 0x01, 0x00, 0x93, 0x8f, 0xcf, 0xef,
    0x93, 0x08, 0xa0, 0x00, 0x93, 0x02, 0x90, 0x00, 0x13, 0x03, 0x00, 0x02,
    0x93, 0x03, 0x30, 0x02, 0x13, 0x0e, 0xd0, 0x03, 0x93, 0x0e, 0xa0, 0x03,
    0x13, 0x8f, 0x04, 0x00, 0x93, 0x86, 0x0f, 0x00, 0x63, 0x8a, 0x14, 0x01,
    0x63, 0x08, 0x0f, 0x00, 0x03, 0xcf, 0x16, 0x00, 0x93, 0x86, 0x16, 0x00,
    0xe3, 0x1a, 0x1f, 0xff, 0x33, 0x84, 0x0f, 0x01, 0x63, 0x84, 0x54, 0x00,
    0x63, 0x9c, 0x64, 0x00, 0x83, 0xc4, 0x1f, 0x00, 0x93, 0x8f, 0x1f, 0x00,
    0x13, 0x04, 0x14, 0x00, 0xe3, 0x98, 0x54, 0xfe, 0x6f, 0xf0, 0x1f, 0xff,
    0x63, 0x8e, 0x74, 0x04, 0x63, 0x0e, 0x07, 0x02, 0x93, 0x09, 0x00, 0x00,
    0x93, 0x04, 0x05, 0x00, 0x13, 0x89, 0x09, 0x00, 0x63, 0xf2, 0xdf, 0x02,
    0x83, 0xc9, 0x0f, 0x00, 0x03, 0xca, 0x04, 0x00, 0x63, 0x9c, 0x49, 0x01,
    0x93, 0x09, 0xf9, 0xff, 0x93, 0x84, 0x14, 0x00, 0x93, 0x8f, 0x1f, 0x00,
    0xe3, 0x90, 0x27, 0xff, 0x6f, 0x00, 0x80, 0x01, 0xb3, 0x0f, 0x20, 0x41,
    0x6f, 0x00, 0x80, 0x00, 0x93, 0x0f, 0x00, 0x00, 0xb3, 0x0f, 0xf0, 0x41,
    0x63, 0x9a, 0xef, 0x00, 0x63, 0x78, 0xd4, 0x00, 0x83, 0x4f, 0x04, 0x00,
    0x63, 0x8e, 0xcf, 0x01, 0x63, 0x8c, 0xdf, 0x01, 0xb3, 0x3f, 0xe0, 0x01,
    0xb3, 0x8f, 0xf6, 0x01, 0x83, 0xc4, 0x0f, 0x00, 0xe3, 0x9e, 0x04, 0xf4,
    0x6f, 0x00, 0x80, 0x09, 0x13, 0x04, 0x14, 0x00, 0x63, 0x74, 0xd4, 0x02,
    0x13, 0x05, 0x00, 0x02, 0x13, 0x07, 0x90, 0x00, 0x83, 0x47, 0x04, 0x00,
    0x63, 0x84, 0xa7, 0x00, 0x63, 0x9a, 0xe7, 0x00, 0x13, 0x04, 0x14, 0x00,
    0xe3, 0x68, 0xd4, 0xfe, 0x13, 0x05, 0x00, 0x00, 0x6f, 0x00, 0x40, 0x06,
    0x13, 0x05, 0x00, 0x00, 0x63, 0x7e, 0xd4, 0x04, 0x13, 0x07, 0x20, 0x00,
    0x63, 0x6a, 0xe6, 0x04, 0x13, 0x07, 0x00, 0x00, 0x33, 0x05, 0xe4, 0x00,
    0x83, 0x47, 0x05, 0x00, 0x33, 0x88, 0xe5, 0x00, 0x23, 0x00, 0xf8, 0x00,
    0x93, 0x07, 0x15, 0x00, 0x13, 0x05, 0x17, 0x00, 0x63, 0xf8, 0xd7, 0x00,
    0x93, 0x07, 0x27, 0x00, 0x13, 0x07, 0x05, 0x00, 0xe3, 0xee, 0xc7, 0xfc,
    0x13, 0x86, 0xf5, 0xff, 0x93, 0x06, 0x00, 0x02, 0x13, 0x07, 0xd0, 0x00,
    0xb3, 0x07, 0xa6, 0x00, 0x83, 0xc7, 0x07, 0x00, 0x63, 0x84, 0xd7, 0x00,
    0x63, 0x96, 0xe7, 0x00, 0x13, 0x05, 0xf5, 0xff, 0xe3, 0x16, 0x05, 0xfe,
    0x33, 0x85, 0xa5, 0x00, 0x23, 0x00, 0x05, 0x00, 0x03, 0x34, 0x81, 0x02,
    0x83, 0x34, 0x01, 0x02, 0x03, 0x39, 0x81, 0x01, 0x83, 0x39, 0x01, 0x01,
    0x03, 0x3a, 0x81, 0x00, 0x13, 0x01, 0x01, 0x03, 0x67, 0x80, 0x00, 0x00,
    0x65, 0x78, 0x65, 0x63, 0x00, 0x3a, 0x20, 0x6e, 0x6f, 0x20, 0x65, 0x78,
    0x65, 0x63, 0x20, 0x6c, 0x69, 0x6e, 0x65, 0x00, 0x3a, 0x20, 0x70, 0x65,
    0x72, 0x6d, 0x69, 0x73, 0x73, 0x69, 0x6f, 0x6e, 0x20, 0x64, 0x65, 0x6e,
    0x69, 0x65, 0x64, 0x00, 0x64, 0x65, 0x73, 0x63, 0x72, 0x69, 0x70, 0x74,
    0x69, 0x6f, 0x6e, 0x00, 0x3f, 0x00, 0x72, 0x75, 0x6e, 0x6c, 0x65, 0x76,
    0x65, 0x6c, 0x00, 0x00, 0x2f, 0x65, 0x74, 0x63, 0x2f, 0x73, 0x65, 0x72,
    0x76, 0x69, 0x63, 0x65, 0x73, 0x2e, 0x64, 0x00, 0x3a, 0x20, 0x63, 0x61,
    0x6e, 0x6e, 0x6f, 0x74, 0x20, 0x72, 0x65, 0x61, 0x64, 0x00, 0x79, 0x65,
    0x73, 0x00, 0x33, 0x00, 0x2f, 0x65, 0x74, 0x63, 0x2f, 0x73, 0x65, 0x72,
    0x76, 0x69, 0x63, 0x65, 0x73, 0x2e, 0x64, 0x2f, 0x00, 0x73, 0x76, 0x63,
    0x69, 0x6e, 0x69, 0x74, 0x3a, 0x20, 0x73, 0x74, 0x61, 0x72, 0x74, 0x65,
    0x64, 0x20, 0x00, 0x20, 0x2d, 0x2d, 0x20, 0x00, 0x0a, 0x00, 0x73, 0x76,
    0x63, 0x69, 0x6e, 0x69, 0x74, 0x3a, 0x20, 0x00, 0x6e, 0x61, 0x6d, 0x65,
    0x00, 0x65, 0x6e, 0x61, 0x62, 0x6c, 0x65, 0x64, 0x00, 0x61, 0x66, 0x74,
    0x65, 0x72, 0x00, 0x3a, 0x20, 0x00, 0x2e, 0x73, 0x76, 0x63, 0x00, 0x3a,
    0x20, 0x6e, 0x6f, 0x74, 0x20, 0x66, 0x6f, 0x75, 0x6e, 0x64, 0x00, 0x3a,
    0x20, 0x77, 0x61, 0x69, 0x74, 0x69, 0x6e, 0x67, 0x20, 0x66, 0x6f, 0x72,
    0x20, 0x00, 0x00, 0x00, 0x00, 0x4c, 0x69, 0x6e, 0x6b, 0x65, 0x72, 0x3a,
    0x20, 0x44, 0x65, 0x62, 0x69, 0x61, 0x6e, 0x20, 0x4c, 0x4c, 0x44, 0x20,
    0x31, 0x39, 0x2e, 0x31, 0x2e, 0x37, 0x00, 0x44, 0x65, 0x62, 0x69, 0x61,
    0x6e, 0x20, 0x63, 0x6c, 0x61, 0x6e, 0x67, 0x20, 0x76, 0x65, 0x72, 0x73,
    0x69, 0x6f, 0x6e, 0x20, 0x31, 0x39, 0x2e, 0x31, 0x2e, 0x37, 0x20, 0x28,
    0x33, 0x2b, 0x62, 0x31, 0x29, 0x00, 0x41, 0x29, 0x00, 0x00, 0x00, 0x72,
    0x69, 0x73, 0x63, 0x76, 0x00, 0x01, 0x1f, 0x00, 0x00, 0x00, 0x04, 0x10,
    0x05, 0x72, 0x76, 0x36, 0x34, 0x69, 0x32, 0x70, 0x31, 0x5f, 0x6d, 0x32,
    0x70, 0x30, 0x5f, 0x7a, 0x6d, 0x6d, 0x75, 0x6c, 0x31, 0x70, 0x30, 0x00,
    0x00, 0x00, 0x00, 0x00, 0x00, 0x00, 0x00, 0x00, 0x00, 0x00, 0x00, 0x00,
    0x00, 0x00, 0x00, 0x00, 0x00, 0x00, 0x00, 0x00, 0x00, 0x00, 0x00, 0x00,
    0x01, 0x00, 0x00, 0x00, 0x04, 0x00, 0xf1, 0xff, 0x00, 0x00, 0x00, 0x00,
    0x00, 0x00, 0x00, 0x00, 0x00, 0x00, 0x00, 0x00, 0x00, 0x00, 0x00, 0x00,
    0x0b, 0x00, 0x00, 0x00, 0x00, 0x00, 0x01, 0x00, 0x00, 0x00, 0x01, 0x00,
    0x00, 0x00, 0x00, 0x00, 0x00, 0x00, 0x00, 0x00, 0x00, 0x00, 0x00, 0x00,
    0x0e, 0x00, 0x00, 0x00, 0x01, 0x00, 0x04, 0x00, 0x6c, 0x2d, 0x01, 0x00,
    0x00, 0x00, 0x00, 0x00, 0x10, 0x00, 0x00, 0x00, 0x00, 0x00, 0x00, 0x00,
    0x14, 0x00, 0x00, 0x00, 0x01, 0x00, 0x04, 0x00, 0x7c, 0x2d, 0x01, 0x00,
    0x00, 0x00, 0x00, 0x00, 0x80, 0x00, 0x00, 0x00, 0x00, 0x00, 0x00, 0x00,
    0x20, 0x00, 0x00, 0x00, 0x01, 0x00, 0x04, 0x00, 0xfc, 0x2d, 0x01, 0x00,
    0x00, 0x00, 0x00, 0x00, 0x00, 0x01, 0x00, 0x00, 0x00, 0x00, 0x00, 0x00,
    0x2c, 0x00, 0x00, 0x00, 0x01, 0x00, 0x04, 0x00, 0xfc, 0x2e, 0x01, 0x00,
    0x00, 0x00, 0x00, 0x00, 0x00, 0x10, 0x00, 0x00, 0x00, 0x00, 0x00, 0x00,
    0x31, 0x00, 0x00, 0x00, 0x01, 0x00, 0x04, 0x00, 0x2c, 0x45, 0x01, 0x00,
    0x00, 0x00, 0x00, 0x00, 0x00, 0x06, 0x00, 0x00, 0x00, 0x00, 0x00, 0x00,
    0x37, 0x00, 0x00, 0x00, 0x01, 0x00, 0x04, 0x00, 0x2c, 0x5a, 0x01, 0x00,
    0x00, 0x00, 0x00, 0x00, 0x00, 0x06, 0x00, 0x00, 0x00, 0x00, 0x00, 0x00,
    0x3e, 0x00, 0x00, 0x00, 0x01, 0x00, 0x03, 0x00, 0x68, 0x2d, 0x01, 0x00,
    0x00, 0x00, 0x00, 0x00, 0x04, 0x00, 0x00, 0x00, 0x00, 0x00, 0x00, 0x00,
    0x45, 0x00, 0x00, 0x00, 0x01, 0x00, 0x04, 0x00, 0xfc, 0x3e, 0x01, 0x00,
    0x00, 0x00, 0x00, 0x00, 0x10, 0x00, 0x00, 0x00, 0x00, 0x00, 0x00, 0x00,
    0x4f, 0x00, 0x00, 0x00, 0x02, 0x00, 0x01, 0x00, 0x90, 0x0a, 0x01, 0x00,
    0x00, 0x00, 0x00, 0x00, 0x08, 0x02, 0x00, 0x00, 0x00, 0x00, 0x00, 0x00,
    0x53, 0x00, 0x00, 0x00, 0x01, 0x00, 0x04, 0x00, 0x0c, 0x3f, 0x01, 0x00,
    0x00, 0x00, 0x00, 0x00, 0x20, 0x00, 0x00, 0x00, 0x00, 0x00, 0x00, 0x00,
    0x5d, 0x00, 0x00, 0x00, 0x01, 0x00, 0x04, 0x00, 0x2c, 0x3f, 0x01, 0x00,
    0x00, 0x00, 0x00, 0x00, 0x00, 0x06, 0x00, 0x00, 0x00, 0x00, 0x00, 0x00,
    0x66, 0x00, 0x00, 0x00, 0x01, 0x00, 0x04, 0x00, 0x2c, 0x4b, 0x01, 0x00,
    0x00, 0x00, 0x00, 0x00, 0x00, 0x0f, 0x00, 0x00, 0x00, 0x00, 0x00, 0x00,
    0x6c, 0x00, 0x00, 0x00, 0x01, 0x00, 0x04, 0x00, 0x2c, 0x60, 0x01, 0x00,
    0x00, 0x00, 0x00, 0x00, 0x00, 0x09, 0x00, 0x00, 0x00, 0x00, 0x00, 0x00,
    0x72, 0x00, 0x00, 0x00, 0x01, 0x00, 0x04, 0x00, 0x2c, 0x69, 0x01, 0x00,
    0x00, 0x00, 0x00, 0x00, 0x60, 0x00, 0x00, 0x00, 0x00, 0x00, 0x00, 0x00,
    0x7a, 0x00, 0x00, 0x00, 0x00, 0x00, 0x04, 0x00, 0x6c, 0x2d, 0x01, 0x00,
    0x00, 0x00, 0x00, 0x00, 0x00, 0x00, 0x00, 0x00, 0x00, 0x00, 0x00, 0x00,
    0x7d, 0x00, 0x00, 0x00, 0x00, 0x00, 0x02, 0x00, 0xfa, 0x1c, 0x01, 0x00,
    0x00, 0x00, 0x00, 0x00, 0x00, 0x00, 0x00, 0x00, 0x00, 0x00, 0x00, 0x00,
    0x80, 0x00, 0x00, 0x00, 0x00, 0x00, 0x03, 0x00, 0x68, 0x2d, 0x01, 0x00,
    0x00, 0x00, 0x00, 0x00, 0x00, 0x00, 0x00, 0x00, 0x00, 0x00, 0x00, 0x00,
    0x83, 0x00, 0x00, 0x00, 0x00, 0x00, 0x05, 0x00, 0x00, 0x00, 0x00, 0x00,
    0x00, 0x00, 0x00, 0x00, 0x00, 0x00, 0x00, 0x00, 0x00, 0x00, 0x00, 0x00,
    0x86, 0x00, 0x00, 0x00, 0x00, 0x00, 0xf1, 0xff, 0x00, 0x00, 0x00, 0x00,
    0x00, 0x00, 0x00, 0x00, 0x00, 0x00, 0x00, 0x00, 0x00, 0x00, 0x00, 0x00,
    0x89, 0x00, 0x00, 0x00, 0x12, 0x00, 0x01, 0x00, 0x00, 0x00, 0x01, 0x00,
    0x00, 0x00, 0x00, 0x00, 0x90, 0x0a, 0x00, 0x00, 0x00, 0x00, 0x00, 0x00,
    0x00, 0x2e, 0x74, 0x65, 0x78, 0x74, 0x00, 0x2e, 0x72, 0x6f, 0x64, 0x61,
    0x74, 0x61, 0x00, 0x2e, 0x73, 0x62, 0x73, 0x73, 0x00, 0x2e, 0x62, 0x73,
    0x73, 0x00, 0x2e, 0x63, 0x6f, 0x6d, 0x6d, 0x65, 0x6e, 0x74, 0x00, 0x2e,
    0x72, 0x69, 0x73, 0x63, 0x76, 0x2e, 0x61, 0x74, 0x74, 0x72, 0x69, 0x62,
    0x75, 0x74, 0x65, 0x73, 0x00, 0x2e, 0x73, 0x79, 0x6d, 0x74, 0x61, 0x62,
    0x00, 0x2e, 0x73, 0x68, 0x73, 0x74, 0x72, 0x74, 0x61, 0x62, 0x00, 0x2e,
    0x73, 0x74, 0x72, 0x74, 0x61, 0x62, 0x00, 0x00, 0x73, 0x76, 0x63, 0x69,
    0x6e, 0x69, 0x74, 0x2e, 0x63, 0x00, 0x24, 0x78, 0x00, 0x6c, 0x65, 0x76,
    0x65, 0x6c, 0x00, 0x5f, 0x73, 0x74, 0x61, 0x72, 0x74, 0x2e, 0x6e, 0x61,
    0x6d, 0x65, 0x00, 0x5f, 0x73, 0x74, 0x61, 0x72, 0x74, 0x2e, 0x70, 0x61,
    0x74, 0x68, 0x00, 0x62, 0x6f, 0x64, 0x79, 0x00, 0x6e, 0x61, 0x6d, 0x65,
    0x73, 0x00, 0x61, 0x66, 0x74, 0x65, 0x72, 0x73, 0x00, 0x6e, 0x75, 0x6e,
    0x69, 0x74, 0x73, 0x00, 0x5f, 0x73, 0x74, 0x61, 0x72, 0x74, 0x2e, 0x65,
    0x6e, 0x00, 0x67, 0x65, 0x74, 0x00, 0x5f, 0x73, 0x74, 0x61, 0x72, 0x74,
    0x2e, 0x72, 0x6c, 0x00, 0x75, 0x6e, 0x69, 0x74, 0x6e, 0x61, 0x6d, 0x65,
    0x00, 0x65, 0x78, 0x65, 0x63, 0x73, 0x00, 0x64, 0x65, 0x73, 0x63, 0x73,
    0x00, 0x73, 0x74, 0x61, 0x72, 0x74, 0x65, 0x64, 0x00, 0x24, 0x64, 0x00,
    0x24, 0x64, 0x00, 0x24, 0x64, 0x00, 0x24, 0x64, 0x00, 0x24, 0x64, 0x00,
    0x5f, 0x73, 0x74, 0x61, 0x72, 0x74, 0x00, 0x00, 0x00, 0x00, 0x00, 0x00,
    0x00, 0x00, 0x00, 0x00, 0x00, 0x00, 0x00, 0x00, 0x00, 0x00, 0x00, 0x00,
    0x00, 0x00, 0x00, 0x00, 0x00, 0x00, 0x00, 0x00, 0x00, 0x00, 0x00, 0x00,
    0x00, 0x00, 0x00, 0x00, 0x00, 0x00, 0x00, 0x00, 0x00, 0x00, 0x00, 0x00,
    0x00, 0x00, 0x00, 0x00, 0x00, 0x00, 0x00, 0x00, 0x00, 0x00, 0x00, 0x00,
    0x00, 0x00, 0x00, 0x00, 0x00, 0x00, 0x00, 0x00, 0x00, 0x00, 0x00, 0x00,
    0x01, 0x00, 0x00, 0x00, 0x01, 0x00, 0x00, 0x00, 0x06, 0x00, 0x00, 0x00,
    0x00, 0x00, 0x00, 0x00, 0x00, 0x00, 0x01, 0x00, 0x00, 0x00, 0x00, 0x00,
    0x00, 0x10, 0x00, 0x00, 0x00, 0x00, 0x00, 0x00, 0x98, 0x0c, 0x00, 0x00,
    0x00, 0x00, 0x00, 0x00, 0x00, 0x00, 0x00, 0x00, 0x00, 0x00, 0x00, 0x00,
    0x04, 0x00, 0x00, 0x00, 0x00, 0x00, 0x00, 0x00, 0x00, 0x00, 0x00, 0x00,
    0x00, 0x00, 0x00, 0x00, 0x07, 0x00, 0x00, 0x00, 0x01, 0x00, 0x00, 0x00,
    0x32, 0x00, 0x00, 0x00, 0x00, 0x00, 0x00, 0x00, 0x98, 0x1c, 0x01, 0x00,
    0x00, 0x00, 0x00, 0x00, 0x98, 0x1c, 0x00, 0x00, 0x00, 0x00, 0x00, 0x00,
    0xce, 0x00, 0x00, 0x00, 0x00, 0x00, 0x00, 0x00, 0x00, 0x00, 0x00, 0x00,
    0x00, 0x00, 0x00, 0x00, 0x01, 0x00, 0x00, 0x00, 0x00, 0x00, 0x00, 0x00,
    0x01, 0x00, 0x00, 0x00, 0x00, 0x00, 0x00, 0x00, 0x0f, 0x00, 0x00, 0x00,
    0x08, 0x00, 0x00, 0x00, 0x03, 0x00, 0x00, 0x00, 0x00, 0x00, 0x00, 0x00,
    0x68, 0x2d, 0x01, 0x00, 0x00, 0x00, 0x00, 0x00, 0x68, 0x1d, 0x00, 0x00,
    0x00, 0x00, 0x00, 0x00, 0x04, 0x00, 0x00, 0x00, 0x00, 0x00, 0x00, 0x00,
    0x00, 0x00, 0x00, 0x00, 0x00, 0x00, 0x00, 0x00, 0x04, 0x00, 0x00, 0x00,
    0x00, 0x00, 0x00, 0x00, 0x00, 0x00, 0x00, 0x00, 0x00, 0x00, 0x00, 0x00,
    0x15, 0x00, 0x00, 0x00, 0x08, 0x00, 0x00, 0x00, 0x03, 0x00, 0x00, 0x00,
    0x00, 0x00, 0x00, 0x00, 0x6c, 0x2d, 0x01, 0x00, 0x00, 0x00, 0x00, 0x00,
    0x68, 0x1d, 0x00, 0x00, 0x00, 0x00, 0x00, 0x00, 0x20, 0x3c, 0x00, 0x00,
    0x00, 0x00, 0x00, 0x00, 0x00, 0x00, 0x00, 0x00, 0x00, 0x00, 0x00, 0x00,
    0x04, 0x00, 0x00, 0x00, 0x00, 0x00, 0x00, 0x00, 0x00, 0x00, 0x00, 0x00,
    0x00, 0x00, 0x00, 0x00, 0x1a, 0x00, 0x00, 0x00, 0x01, 0x00, 0x00, 0x00,
    0x30, 0x00, 0x00, 0x00, 0x00, 0x00, 0x00, 0x00, 0x00, 0x00, 0x00, 0x00,
    0x00, 0x00, 0x00, 0x00, 0x68, 0x1d, 0x00, 0x00, 0x00, 0x00, 0x00, 0x00,
    0x3e, 0x00, 0x00, 0x00, 0x00, 0x00, 0x00, 0x00, 0x00, 0x00, 0x00, 0x00,
    0x00, 0x00, 0x00, 0x00, 0x01, 0x00, 0x00, 0x00, 0x00, 0x00, 0x00, 0x00,
    0x01, 0x00, 0x00, 0x00, 0x00, 0x00, 0x00, 0x00, 0x23, 0x00, 0x00, 0x00,
    0x03, 0x00, 0x00, 0x70, 0x00, 0x00, 0x00, 0x00, 0x00, 0x00, 0x00, 0x00,
    0x00, 0x00, 0x00, 0x00, 0x00, 0x00, 0x00, 0x00, 0xa6, 0x1d, 0x00, 0x00,
    0x00, 0x00, 0x00, 0x00, 0x2a, 0x00, 0x00, 0x00, 0x00, 0x00, 0x00, 0x00,
    0x00, 0x00, 0x00, 0x00, 0x00, 0x00, 0x00, 0x00, 0x01, 0x00, 0x00, 0x00,
    0x00, 0x00, 0x00, 0x00, 0x00, 0x00, 0x00, 0x00, 0x00, 0x00, 0x00, 0x00,
    0x35, 0x00, 0x00, 0x00, 0x02, 0x00, 0x00, 0x00, 0x00, 0x00, 0x00, 0x00,
    0x00, 0x00, 0x00, 0x00, 0x00, 0x00, 0x00, 0x00, 0x00, 0x00, 0x00, 0x00,
    0xd0, 0x1d, 0x00, 0x00, 0x00, 0x00, 0x00, 0x00, 0x28, 0x02, 0x00, 0x00,
    0x00, 0x00, 0x00, 0x00, 0x09, 0x00, 0x00, 0x00, 0x16, 0x00, 0x00, 0x00,
    0x08, 0x00, 0x00, 0x00, 0x00, 0x00, 0x00, 0x00, 0x18, 0x00, 0x00, 0x00,
    0x00, 0x00, 0x00, 0x00, 0x3d, 0x00, 0x00, 0x00, 0x03, 0x00, 0x00, 0x00,
    0x00, 0x00, 0x00, 0x00, 0x00, 0x00, 0x00, 0x00, 0x00, 0x00, 0x00, 0x00,
    0x00, 0x00, 0x00, 0x00, 0xf8, 0x1f, 0x00, 0x00, 0x00, 0x00, 0x00, 0x00,
    0x4f, 0x00, 0x00, 0x00, 0x00, 0x00, 0x00, 0x00, 0x00, 0x00, 0x00, 0x00,
    0x00, 0x00, 0x00, 0x00, 0x01, 0x00, 0x00, 0x00, 0x00, 0x00, 0x00, 0x00,
    0x00, 0x00, 0x00, 0x00, 0x00, 0x00, 0x00, 0x00, 0x47, 0x00, 0x00, 0x00,
    0x03, 0x00, 0x00, 0x00, 0x00, 0x00, 0x00, 0x00, 0x00, 0x00, 0x00, 0x00,
    0x00, 0x00, 0x00, 0x00, 0x00, 0x00, 0x00, 0x00, 0x47, 0x20, 0x00, 0x00,
    0x00, 0x00, 0x00, 0x00, 0x90, 0x00, 0x00, 0x00, 0x00, 0x00, 0x00, 0x00,
    0x00, 0x00, 0x00, 0x00, 0x00, 0x00, 0x00, 0x00, 0x01, 0x00, 0x00, 0x00,
    0x00, 0x00, 0x00, 0x00, 0x00, 0x00, 0x00, 0x00, 0x00, 0x00, 0x00, 0x00,
};
#define GUEST_SVCINIT_LEN 9048

static const unsigned char GUEST_LOGIN[] = {
    0x7f, 0x45, 0x4c, 0x46, 0x02, 0x01, 0x01, 0x00, 0x00, 0x00, 0x00, 0x00,
    0x00, 0x00, 0x00, 0x00, 0x02, 0x00, 0xf3, 0x00, 0x01, 0x00, 0x00, 0x00,
    0x00, 0x00, 0x01, 0x00, 0x00, 0x00, 0x00, 0x00, 0x40, 0x00, 0x00, 0x00,
    0x00, 0x00, 0x00, 0x00, 0xf8, 0x14, 0x00, 0x00, 0x00, 0x00, 0x00, 0x00,
    0x00, 0x00, 0x00, 0x00, 0x40, 0x00, 0x38, 0x00, 0x07, 0x00, 0x40, 0x00,
    0x09, 0x00, 0x07, 0x00, 0x06, 0x00, 0x00, 0x00, 0x04, 0x00, 0x00, 0x00,
    0x40, 0x00, 0x00, 0x00, 0x00, 0x00, 0x00, 0x00, 0x40, 0x00, 0x01, 0x00,
    0x00, 0x00, 0x00, 0x00, 0x40, 0x00, 0x01, 0x00, 0x00, 0x00, 0x00, 0x00,
    0x88, 0x01, 0x00, 0x00, 0x00, 0x00, 0x00, 0x00, 0x88, 0x01, 0x00, 0x00,
    0x00, 0x00, 0x00, 0x00, 0x08, 0x00, 0x00, 0x00, 0x00, 0x00, 0x00, 0x00,
    0x01, 0x00, 0x00, 0x00, 0x04, 0x00, 0x00, 0x00, 0x00, 0x00, 0x00, 0x00,
    0x00, 0x00, 0x00, 0x00, 0x00, 0x00, 0x01, 0x00, 0x00, 0x00, 0x00, 0x00,
    0x00, 0x00, 0x01, 0x00, 0x00, 0x00, 0x00, 0x00, 0xc8, 0x01, 0x00, 0x00,
    0x00, 0x00, 0x00, 0x00, 0xc8, 0x01, 0x00, 0x00, 0x00, 0x00, 0x00, 0x00,
    0x00, 0x10, 0x00, 0x00, 0x00, 0x00, 0x00, 0x00, 0x01, 0x00, 0x00, 0x00,
    0x05, 0x00, 0x00, 0x00, 0x00, 0x10, 0x00, 0x00, 0x00, 0x00, 0x00, 0x00,
    0x00, 0x00, 0x01, 0x00, 0x00, 0x00, 0x00, 0x00, 0x00, 0x00, 0x01, 0x00,
    0x00, 0x00, 0x00, 0x00, 0x18, 0x03, 0x00, 0x00, 0x00, 0x00, 0x00, 0x00,
    0x18, 0x03, 0x00, 0x00, 0x00, 0x00, 0x00, 0x00, 0x00, 0x10, 0x00, 0x00,
    0x00, 0x00, 0x00, 0x00, 0x01, 0x00, 0x00, 0x00, 0x04, 0x00, 0x00, 0x00,
    0x18, 0x13, 0x00, 0x00, 0x00, 0x00, 0x00, 0x00, 0x18, 0x13, 0x01, 0x00,
    0x00, 0x00, 0x00, 0x00, 0x18, 0x13, 0x01, 0x00, 0x00, 0x00, 0x00, 0x00,
    0x2a, 0x00, 0x00, 0x00, 0x00, 0x00, 0x00, 0x00, 0x2a, 0x00, 0x00, 0x00,
    0x00, 0x00, 0x00, 0x00, 0x00, 0x10, 0x00, 0x00, 0x00, 0x00, 0x00, 0x00,
    0x01, 0x00, 0x00, 0x00, 0x06, 0x00, 0x00, 0x00, 0x42, 0x13, 0x00, 0x00,
    0x00, 0x00, 0x00, 0x00, 0x42, 0x23, 0x01, 0x00, 0x00, 0x00, 0x00, 0x00,
    0x42, 0x23, 0x01, 0x00, 0x00, 0x00, 0x00, 0x00, 0x00, 0x00, 0x00, 0x00,
    0x00, 0x00, 0x00, 0x00, 0x00, 0x02, 0x00, 0x00, 0x00, 0x00, 0x00, 0x00,
    0x00, 0x10, 0x00, 0x00, 0x00, 0x00, 0x00, 0x00, 0x51, 0xe5, 0x74, 0x64,
    0x06, 0x00, 0x00, 0x00, 0x00, 0x00, 0x00, 0x00, 0x00, 0x00, 0x00, 0x00,
    0x00, 0x00, 0x00, 0x00, 0x00, 0x00, 0x00, 0x00, 0x00, 0x00, 0x00, 0x00,
    0x00, 0x00, 0x00, 0x00, 0x00, 0x00, 0x00, 0x00, 0x00, 0x00, 0x00, 0x00,
    0x00, 0x00, 0x00, 0x00, 0x00, 0x00, 0x00, 0x00, 0x00, 0x00, 0x00, 0x00,
    0x00, 0x00, 0x00, 0x00, 0x03, 0x00, 0x00, 0x70, 0x04, 0x00, 0x00, 0x00,
    0x80, 0x13, 0x00, 0x00, 0x00, 0x00, 0x00, 0x00, 0x00, 0x00, 0x00, 0x00,
    0x00, 0x00, 0x00, 0x00, 0x00, 0x00, 0x00, 0x00, 0x00, 0x00, 0x00, 0x00,
    0x2a, 0x00, 0x00, 0x00, 0x00, 0x00, 0x00, 0x00, 0x2a, 0x00, 0x00, 0x00,
    0x00, 0x00, 0x00, 0x00, 0x01, 0x00, 0x00, 0x00, 0x00, 0x00, 0x00, 0x00,
    0x00, 0x00, 0x00, 0x00, 0x00, 0x00, 0x00, 0x00, 0x00, 0x00, 0x00, 0x00,
    0x00, 0x00, 0x00, 0x00, 0x00, 0x00, 0x00, 0x00, 0x00, 0x00, 0x00, 0x00,
    0x00, 0x00, 0x00, 0x00, 0x00, 0x00, 0x00, 0x00, 0x00, 0x00, 0x00, 0x00,
    0x00, 0x00, 0x00, 0x00, 0x00, 0x00, 0x00, 0x00, 0x00, 0x00, 0x00, 0x00,
    0x00, 0x00, 0x00, 0x00, 0x00, 0x00, 0x00, 0x00, 0x00, 0x00, 0x00, 0x00,
    0x00, 0x00, 0x00, 0x00, 0x00, 0x00, 0x00, 0x00, 0x00, 0x00, 0x00, 0x00,
    0x00, 0x00, 0x00, 0x00, 0x00, 0x00, 0x00, 0x00, 0x00, 0x00, 0x00, 0x00,
    0x00, 0x00, 0x00, 0x00, 0x00, 0x00, 0x00, 0x00, 0x00, 0x00, 0x00, 0x00,
    0x00, 0x00, 0x00, 0x00, 0x00, 0x00, 0x00, 0x00, 0x00, 0x00, 0x00, 0x00,
    0x00, 0x00, 0x00, 0x00, 0x00, 0x00, 0x00, 0x00, 0x00, 0x00, 0x00, 0x00,
    0x00, 0x00, 0x00, 0x00, 0x00, 0x00, 0x00, 0x00, 0x00, 0x00, 0x00, 0x00,
    0x00, 0x00, 0x00, 0x00, 0x00, 0x00, 0x00, 0x00, 0x00, 0x00, 0x00, 0x00,
    0x00, 0x00, 0x00, 0x00, 0x00, 0x00, 0x00, 0x00, 0x00, 0x00, 0x00, 0x00,
    0x00, 0x00, 0x00, 0x00, 0x00, 0x00, 0x00, 0x00, 0x00, 0x00, 0x00, 0x00,
    0x00, 0x00, 0x00, 0x00, 0x00, 0x00, 0x00, 0x00, 0x00, 0x00, 0x00, 0x00,
    0x00, 0x00, 0x00, 0x00, 0x00, 0x00, 0x00, 0x00, 0x00, 0x00, 0x00, 0x00,
    0x00, 0x00, 0x00, 0x00, 0x00, 0x00, 0x00, 0x00, 0x00, 0x00, 0x00, 0x00,
    0x00, 0x00, 0x00, 0x00, 0x00, 0x00, 0x00, 0x00, 0x00, 0x00, 0x00, 0x00,
    0x00, 0x00, 0x00, 0x00, 0x00, 0x00, 0x00, 0x00, 0x00, 0x00, 0x00, 0x00,
    0x00, 0x00, 0x00, 0x00, 0x00, 0x00, 0x00, 0x00, 0x00, 0x00, 0x00, 0x00,
    0x00, 0x00, 0x00, 0x00, 0x00, 0x00, 0x00, 0x00, 0x00, 0x00, 0x00, 0x00,
    0x00, 0x00, 0x00, 0x00, 0x00, 0x00, 0x00, 0x00, 0x00, 0x00, 0x00, 0x00,
    0x00, 0x00, 0x00, 0x00, 0x00, 0x00, 0x00, 0x00, 0x00, 0x00, 0x00, 0x00,
    0x00, 0x00, 0x00, 0x00, 0x00, 0x00, 0x00, 0x00, 0x00, 0x00, 0x00, 0x00,
    0x00, 0x00, 0x00, 0x00, 0x00, 0x00, 0x00, 0x00, 0x00, 0x00, 0x00, 0x00,
    0x00, 0x00, 0x00, 0x00, 0x00, 0x00, 0x00, 0x00, 0x00, 0x00, 0x00, 0x00,
    0x00, 0x00, 0x00, 0x00, 0x00, 0x00, 0x00, 0x00, 0x00, 0x00, 0x00, 0x00,
    0x00, 0x00, 0x00, 0x00, 0x00, 0x00, 0x00, 0x00, 0x00, 0x00, 0x00, 0x00,
    0x00, 0x00, 0x00, 0x00, 0x00, 0x00, 0x00, 0x00, 0x00, 0x00, 0x00, 0x00,
    0x00, 0x00, 0x00, 0x00, 0x00, 0x00, 0x00, 0x00, 0x00, 0x00, 0x00, 0x00,
    0x00, 0x00, 0x00, 0x00, 0x00, 0x00, 0x00, 0x00, 0x00, 0x00, 0x00, 0x00,
    0x00, 0x00, 0x00, 0x00, 0x00, 0x00, 0x00, 0x00, 0x00, 0x00, 0x00, 0x00,
    0x00, 0x00, 0x00, 0x00, 0x00, 0x00, 0x00, 0x00, 0x00, 0x00, 0x00, 0x00,
    0x00, 0x00, 0x00, 0x00, 0x00, 0x00, 0x00, 0x00, 0x00, 0x00, 0x00, 0x00,
    0x00, 0x00, 0x00, 0x00, 0x00, 0x00, 0x00, 0x00, 0x00, 0x00, 0x00, 0x00,
    0x00, 0x00, 0x00, 0x00, 0x00, 0x00, 0x00, 0x00, 0x00, 0x00, 0x00, 0x00,
    0x00, 0x00, 0x00, 0x00, 0x00, 0x00, 0x00, 0x00, 0x00, 0x00, 0x00, 0x00,
    0x00, 0x00, 0x00, 0x00, 0x00, 0x00, 0x00, 0x00, 0x00, 0x00, 0x00, 0x00,
    0x00, 0x00, 0x00, 0x00, 0x00, 0x00, 0x00, 0x00, 0x00, 0x00, 0x00, 0x00,
    0x00, 0x00, 0x00, 0x00, 0x00, 0x00, 0x00, 0x00, 0x00, 0x00, 0x00, 0x00,
    0x00, 0x00, 0x00, 0x00, 0x00, 0x00, 0x00, 0x00, 0x00, 0x00, 0x00, 0x00,
    0x00, 0x00, 0x00, 0x00, 0x00, 0x00, 0x00, 0x00, 0x00, 0x00, 0x00, 0x00,
    0x00, 0x00, 0x00, 0x00, 0x00, 0x00, 0x00, 0x00, 0x00, 0x00, 0x00, 0x00,
    0x00, 0x00, 0x00, 0x00, 0x00, 0x00, 0x00, 0x00, 0x00, 0x00, 0x00, 0x00,
    0x00, 0x00, 0x00, 0x00, 0x00, 0x00, 0x00, 0x00, 0x00, 0x00, 0x00, 0x00,
    0x00, 0x00, 0x00, 0x00, 0x00, 0x00, 0x00, 0x00, 0x00, 0x00, 0x00, 0x00,
    0x00, 0x00, 0x00, 0x00, 0x00, 0x00, 0x00, 0x00, 0x00, 0x00, 0x00, 0x00,
    0x00, 0x00, 0x00, 0x00, 0x00, 0x00, 0x00, 0x00, 0x00, 0x00, 0x00, 0x00,
    0x00, 0x00, 0x00, 0x00, 0x00, 0x00, 0x00, 0x00, 0x00, 0x00, 0x00, 0x00,
    0x00, 0x00, 0x00, 0x00, 0x00, 0x00, 0x00, 0x00, 0x00, 0x00, 0x00, 0x00,
    0x00, 0x00, 0x00, 0x00, 0x00, 0x00, 0x00, 0x00, 0x00, 0x00, 0x00, 0x00,
    0x00, 0x00, 0x00, 0x00, 0x00, 0x00, 0x00, 0x00, 0x00, 0x00, 0x00, 0x00,
    0x00, 0x00, 0x00, 0x00, 0x00, 0x00, 0x00, 0x00, 0x00, 0x00, 0x00, 0x00,
    0x00, 0x00, 0x00, 0x00, 0x00, 0x00, 0x00, 0x00, 0x00, 0x00, 0x00, 0x00,
    0x00, 0x00, 0x00, 0x00, 0x00, 0x00, 0x00, 0x00, 0x00, 0x00, 0x00, 0x00,
    0x00, 0x00, 0x00, 0x00, 0x00, 0x00, 0x00, 0x00, 0x00, 0x00, 0x00, 0x00,
    0x00, 0x00, 0x00, 0x00, 0x00, 0x00, 0x00, 0x00, 0x00, 0x00, 0x00, 0x00,
    0x00, 0x00, 0x00, 0x00, 0x00, 0x00, 0x00, 0x00, 0x00, 0x00, 0x00, 0x00,
    0x00, 0x00, 0x00, 0x00, 0x00, 0x00, 0x00, 0x00, 0x00, 0x00, 0x00, 0x00,
    0x00, 0x00, 0x00, 0x00, 0x00, 0x00, 0x00, 0x00, 0x00, 0x00, 0x00, 0x00,
    0x00, 0x00, 0x00, 0x00, 0x00, 0x00, 0x00, 0x00, 0x00, 0x00, 0x00, 0x00,
    0x00, 0x00, 0x00, 0x00, 0x00, 0x00, 0x00, 0x00, 0x00, 0x00, 0x00, 0x00,
    0x00, 0x00, 0x00, 0x00, 0x00, 0x00, 0x00, 0x00, 0x00, 0x00, 0x00, 0x00,
    0x00, 0x00, 0x00, 0x00, 0x00, 0x00, 0x00, 0x00, 0x00, 0x00, 0x00, 0x00,
    0x00, 0x00, 0x00, 0x00, 0x00, 0x00, 0x00, 0x00, 0x00, 0x00, 0x00, 0x00,
    0x00, 0x00, 0x00, 0x00, 0x00, 0x00, 0x00, 0x00, 0x00, 0x00, 0x00, 0x00,
    0x00, 0x00, 0x00, 0x00, 0x00, 0x00, 0x00, 0x00, 0x00, 0x00, 0x00, 0x00,
    0x00, 0x00, 0x00, 0x00, 0x00, 0x00, 0x00, 0x00, 0x00, 0x00, 0x00, 0x00,
    0x00, 0x00, 0x00, 0x00, 0x00, 0x00, 0x00, 0x00, 0x00, 0x00, 0x00, 0x00,
    0x00, 0x00, 0x00, 0x00, 0x00, 0x00, 0x00, 0x00, 0x00, 0x00, 0x00, 0x00,
    0x00, 0x00, 0x00, 0x00, 0x00, 0x00, 0x00, 0x00, 0x00, 0x00, 0x00, 0x00,
    0x00, 0x00, 0x00, 0x00, 0x00, 0x00, 0x00, 0x00, 0x00, 0x00, 0x00, 0x00,
    0x00, 0x00, 0x00, 0x00, 0x00, 0x00, 0x00, 0x00, 0x00, 0x00, 0x00, 0x00,
    0x00, 0x00, 0x00, 0x00, 0x00, 0x00, 0x00, 0x00, 0x00, 0x00, 0x00, 0x00,
    0x00, 0x00, 0x00, 0x00, 0x00, 0x00, 0x00, 0x00, 0x00, 0x00, 0x00, 0x00,
    0x00, 0x00, 0x00, 0x00, 0x00, 0x00, 0x00, 0x00, 0x00, 0x00, 0x00, 0x00,
    0x00, 0x00, 0x00, 0x00, 0x00, 0x00, 0x00, 0x00, 0x00, 0x00, 0x00, 0x00,
    0x00, 0x00, 0x00, 0x00, 0x00, 0x00, 0x00, 0x00, 0x00, 0x00, 0x00, 0x00,
    0x00, 0x00, 0x00, 0x00, 0x00, 0x00, 0x00, 0x00, 0x00, 0x00, 0x00, 0x00,
    0x00, 0x00, 0x00, 0x00, 0x00, 0x00, 0x00, 0x00, 0x00, 0x00, 0x00, 0x00,
    0x00, 0x00, 0x00, 0x00, 0x00, 0x00, 0x00, 0x00, 0x00, 0x00, 0x00, 0x00,
    0x00, 0x00, 0x00, 0x00, 0x00, 0x00, 0x00, 0x00, 0x00, 0x00, 0x00, 0x00,
    0x00, 0x00, 0x00, 0x00, 0x00, 0x00, 0x00, 0x00, 0x00, 0x00, 0x00, 0x00,
    0x00, 0x00, 0x00, 0x00, 0x00, 0x00, 0x00, 0x00, 0x00, 0x00, 0x00, 0x00,
    0x00, 0x00, 0x00, 0x00, 0x00, 0x00, 0x00, 0x00, 0x00, 0x00, 0x00, 0x00,
    0x00, 0x00, 0x00, 0x00, 0x00, 0x00, 0x00, 0x00, 0x00, 0x00, 0x00, 0x00,
    0x00, 0x00, 0x00, 0x00, 0x00, 0x00, 0x00, 0x00, 0x00, 0x00, 0x00, 0x00,
    0x00, 0x00, 0x00, 0x00, 0x00, 0x00, 0x00, 0x00, 0x00, 0x00, 0x00, 0x00,
    0x00, 0x00, 0x00, 0x00, 0x00, 0x00, 0x00, 0x00, 0x00, 0x00, 0x00, 0x00,
    0x00, 0x00, 0x00, 0x00, 0x00, 0x00, 0x00, 0x00, 0x00, 0x00, 0x00, 0x00,
    0x00, 0x00, 0x00, 0x00, 0x00, 0x00, 0x00, 0x00, 0x00, 0x00, 0x00, 0x00,
    0x00, 0x00, 0x00, 0x00, 0x00, 0x00, 0x00, 0x00, 0x00, 0x00, 0x00, 0x00,
    0x00, 0x00, 0x00, 0x00, 0x00, 0x00, 0x00, 0x00, 0x00, 0x00, 0x00, 0x00,
    0x00, 0x00, 0x00, 0x00, 0x00, 0x00, 0x00, 0x00, 0x00, 0x00, 0x00, 0x00,
    0x00, 0x00, 0x00, 0x00, 0x00, 0x00, 0x00, 0x00, 0x00, 0x00, 0x00, 0x00,
    0x00, 0x00, 0x00, 0x00, 0x00, 0x00, 0x00, 0x00, 0x00, 0x00, 0x00, 0x00,
    0x00, 0x00, 0x00, 0x00, 0x00, 0x00, 0x00, 0x00, 0x00, 0x00, 0x00, 0x00,
    0x00, 0x00, 0x00, 0x00, 0x00, 0x00, 0x00, 0x00, 0x00, 0x00, 0x00, 0x00,
    0x00, 0x00, 0x00, 0x00, 0x00, 0x00, 0x00, 0x00, 0x00, 0x00, 0x00, 0x00,
    0x00, 0x00, 0x00, 0x00, 0x00, 0x00, 0x00, 0x00, 0x00, 0x00, 0x00, 0x00,
    0x00, 0x00, 0x00, 0x00, 0x00, 0x00, 0x00, 0x00, 0x00, 0x00, 0x00, 0x00,
    0x00, 0x00, 0x00, 0x00, 0x00, 0x00, 0x00, 0x00, 0x00, 0x00, 0x00, 0x00,
    0x00, 0x00, 0x00, 0x00, 0x00, 0x00, 0x00, 0x00, 0x00, 0x00, 0x00, 0x00,
    0x00, 0x00, 0x00, 0x00, 0x00, 0x00, 0x00, 0x00, 0x00, 0x00, 0x00, 0x00,
    0x00, 0x00, 0x00, 0x00, 0x00, 0x00, 0x00, 0x00, 0x00, 0x00, 0x00, 0x00,
    0x00, 0x00, 0x00, 0x00, 0x00, 0x00, 0x00, 0x00, 0x00, 0x00, 0x00, 0x00,
    0x00, 0x00, 0x00, 0x00, 0x00, 0x00, 0x00, 0x00, 0x00, 0x00, 0x00, 0x00,
    0x00, 0x00, 0x00, 0x00, 0x00, 0x00, 0x00, 0x00, 0x00, 0x00, 0x00, 0x00,
    0x00, 0x00, 0x00, 0x00, 0x00, 0x00, 0x00, 0x00, 0x00, 0x00, 0x00, 0x00,
    0x00, 0x00, 0x00, 0x00, 0x00, 0x00, 0x00, 0x00, 0x00, 0x00, 0x00, 0x00,
    0x00, 0x00, 0x00, 0x00, 0x00, 0x00, 0x00, 0x00, 0x00, 0x00, 0x00, 0x00,
    0x00, 0x00, 0x00, 0x00, 0x00, 0x00, 0x00, 0x00, 0x00, 0x00, 0x00, 0x00,
    0x00, 0x00, 0x00, 0x00, 0x00, 0x00, 0x00, 0x00, 0x00, 0x00, 0x00, 0x00,
    0x00, 0x00, 0x00, 0x00, 0x00, 0x00, 0x00, 0x00, 0x00, 0x00, 0x00, 0x00,
    0x00, 0x00, 0x00, 0x00, 0x00, 0x00, 0x00, 0x00, 0x00, 0x00, 0x00, 0x00,
    0x00, 0x00, 0x00, 0x00, 0x00, 0x00, 0x00, 0x00, 0x00, 0x00, 0x00, 0x00,
    0x00, 0x00, 0x00, 0x00, 0x00, 0x00, 0x00, 0x00, 0x00, 0x00, 0x00, 0x00,
    0x00, 0x00, 0x00, 0x00, 0x00, 0x00, 0x00, 0x00, 0x00, 0x00, 0x00, 0x00,
    0x00, 0x00, 0x00, 0x00, 0x00, 0x00, 0x00, 0x00, 0x00, 0x00, 0x00, 0x00,
    0x00, 0x00, 0x00, 0x00, 0x00, 0x00, 0x00, 0x00, 0x00, 0x00, 0x00, 0x00,
    0x00, 0x00, 0x00, 0x00, 0x00, 0x00, 0x00, 0x00, 0x00, 0x00, 0x00, 0x00,
    0x00, 0x00, 0x00, 0x00, 0x00, 0x00, 0x00, 0x00, 0x00, 0x00, 0x00, 0x00,
    0x00, 0x00, 0x00, 0x00, 0x00, 0x00, 0x00, 0x00, 0x00, 0x00, 0x00, 0x00,
    0x00, 0x00, 0x00, 0x00, 0x00, 0x00, 0x00, 0x00, 0x00, 0x00, 0x00, 0x00,
    0x00, 0x00, 0x00, 0x00, 0x00, 0x00, 0x00, 0x00, 0x00, 0x00, 0x00, 0x00,
    0x00, 0x00, 0x00, 0x00, 0x00, 0x00, 0x00, 0x00, 0x00, 0x00, 0x00, 0x00,
    0x00, 0x00, 0x00, 0x00, 0x00, 0x00, 0x00, 0x00, 0x00, 0x00, 0x00, 0x00,
    0x00, 0x00, 0x00, 0x00, 0x00, 0x00, 0x00, 0x00, 0x00, 0x00, 0x00, 0x00,
    0x00, 0x00, 0x00, 0x00, 0x00, 0x00, 0x00, 0x00, 0x00, 0x00, 0x00, 0x00,
    0x00, 0x00, 0x00, 0x00, 0x00, 0x00, 0x00, 0x00, 0x00, 0x00, 0x00, 0x00,
    0x00, 0x00, 0x00, 0x00, 0x00, 0x00, 0x00, 0x00, 0x00, 0x00, 0x00, 0x00,
    0x00, 0x00, 0x00, 0x00, 0x00, 0x00, 0x00, 0x00, 0x00, 0x00, 0x00, 0x00,
    0x00, 0x00, 0x00, 0x00, 0x00, 0x00, 0x00, 0x00, 0x00, 0x00, 0x00, 0x00,
    0x00, 0x00, 0x00, 0x00, 0x00, 0x00, 0x00, 0x00, 0x00, 0x00, 0x00, 0x00,
    0x00, 0x00, 0x00, 0x00, 0x00, 0x00, 0x00, 0x00, 0x00, 0x00, 0x00, 0x00,
    0x00, 0x00, 0x00, 0x00, 0x00, 0x00, 0x00, 0x00, 0x00, 0x00, 0x00, 0x00,
    0x00, 0x00, 0x00, 0x00, 0x00, 0x00, 0x00, 0x00, 0x00, 0x00, 0x00, 0x00,
    0x00, 0x00, 0x00, 0x00, 0x00, 0x00, 0x00, 0x00, 0x00, 0x00, 0x00, 0x00,
    0x00, 0x00, 0x00, 0x00, 0x00, 0x00, 0x00, 0x00, 0x00, 0x00, 0x00, 0x00,
    0x00, 0x00, 0x00, 0x00, 0x00, 0x00, 0x00, 0x00, 0x00, 0x00, 0x00, 0x00,
    0x00, 0x00, 0x00, 0x00, 0x00, 0x00, 0x00, 0x00, 0x00, 0x00, 0x00, 0x00,
    0x00, 0x00, 0x00, 0x00, 0x00, 0x00, 0x00, 0x00, 0x00, 0x00, 0x00, 0x00,
    0x00, 0x00, 0x00, 0x00, 0x00, 0x00, 0x00, 0x00, 0x00, 0x00, 0x00, 0x00,
    0x00, 0x00, 0x00, 0x00, 0x00, 0x00, 0x00, 0x00, 0x00, 0x00, 0x00, 0x00,
    0x00, 0x00, 0x00, 0x00, 0x00, 0x00, 0x00, 0x00, 0x00, 0x00, 0x00, 0x00,
    0x00, 0x00, 0x00, 0x00, 0x00, 0x00, 0x00, 0x00, 0x00, 0x00, 0x00, 0x00,
    0x00, 0x00, 0x00, 0x00, 0x00, 0x00, 0x00, 0x00, 0x00, 0x00, 0x00, 0x00,
    0x00, 0x00, 0x00, 0x00, 0x00, 0x00, 0x00, 0x00, 0x00, 0x00, 0x00, 0x00,
    0x00, 0x00, 0x00, 0x00, 0x00, 0x00, 0x00, 0x00, 0x00, 0x00, 0x00, 0x00,
    0x00, 0x00, 0x00, 0x00, 0x00, 0x00, 0x00, 0x00, 0x00, 0x00, 0x00, 0x00,
    0x00, 0x00, 0x00, 0x00, 0x00, 0x00, 0x00, 0x00, 0x00, 0x00, 0x00, 0x00,
    0x00, 0x00, 0x00, 0x00, 0x00, 0x00, 0x00, 0x00, 0x00, 0x00, 0x00, 0x00,
    0x00, 0x00, 0x00, 0x00, 0x00, 0x00, 0x00, 0x00, 0x00, 0x00, 0x00, 0x00,
    0x00, 0x00, 0x00, 0x00, 0x00, 0x00, 0x00, 0x00, 0x00, 0x00, 0x00, 0x00,
    0x00, 0x00, 0x00, 0x00, 0x00, 0x00, 0x00, 0x00, 0x00, 0x00, 0x00, 0x00,
    0x00, 0x00, 0x00, 0x00, 0x00, 0x00, 0x00, 0x00, 0x00, 0x00, 0x00, 0x00,
    0x00, 0x00, 0x00, 0x00, 0x00, 0x00, 0x00, 0x00, 0x00, 0x00, 0x00, 0x00,
    0x00, 0x00, 0x00, 0x00, 0x00, 0x00, 0x00, 0x00, 0x00, 0x00, 0x00, 0x00,
    0x00, 0x00, 0x00, 0x00, 0x00, 0x00, 0x00, 0x00, 0x00, 0x00, 0x00, 0x00,
    0x00, 0x00, 0x00, 0x00, 0x00, 0x00, 0x00, 0x00, 0x00, 0x00, 0x00, 0x00,
    0x00, 0x00, 0x00, 0x00, 0x00, 0x00, 0x00, 0x00, 0x00, 0x00, 0x00, 0x00,
    0x00, 0x00, 0x00, 0x00, 0x00, 0x00, 0x00, 0x00, 0x00, 0x00, 0x00, 0x00,
    0x00, 0x00, 0x00, 0x00, 0x00, 0x00, 0x00, 0x00, 0x00, 0x00, 0x00, 0x00,
    0x00, 0x00, 0x00, 0x00, 0x00, 0x00, 0x00, 0x00, 0x00, 0x00, 0x00, 0x00,
    0x00, 0x00, 0x00, 0x00, 0x00, 0x00, 0x00, 0x00, 0x00, 0x00, 0x00, 0x00,
    0x00, 0x00, 0x00, 0x00, 0x00, 0x00, 0x00, 0x00, 0x00, 0x00, 0x00, 0x00,
    0x00, 0x00, 0x00, 0x00, 0x00, 0x00, 0x00, 0x00, 0x00, 0x00, 0x00, 0x00,
    0x00, 0x00, 0x00, 0x00, 0x00, 0x00, 0x00, 0x00, 0x00, 0x00, 0x00, 0x00,
    0x00, 0x00, 0x00, 0x00, 0x00, 0x00, 0x00, 0x00, 0x00, 0x00, 0x00, 0x00,
    0x00, 0x00, 0x00, 0x00, 0x00, 0x00, 0x00, 0x00, 0x00, 0x00, 0x00, 0x00,
    0x00, 0x00, 0x00, 0x00, 0x00, 0x00, 0x00, 0x00, 0x00, 0x00, 0x00, 0x00,
    0x00, 0x00, 0x00, 0x00, 0x00, 0x00, 0x00, 0x00, 0x00, 0x00, 0x00, 0x00,
    0x00, 0x00, 0x00, 0x00, 0x00, 0x00, 0x00, 0x00, 0x00, 0x00, 0x00, 0x00,
    0x00, 0x00, 0x00, 0x00, 0x00, 0x00, 0x00, 0x00, 0x00, 0x00, 0x00, 0x00,
    0x00, 0x00, 0x00, 0x00, 0x00, 0x00, 0x00, 0x00, 0x00, 0x00, 0x00, 0x00,
    0x00, 0x00, 0x00, 0x00, 0x00, 0x00, 0x00, 0x00, 0x00, 0x00, 0x00, 0x00,
    0x00, 0x00, 0x00, 0x00, 0x00, 0x00, 0x00, 0x00, 0x00, 0x00, 0x00, 0x00,
    0x00, 0x00, 0x00, 0x00, 0x00, 0x00, 0x00, 0x00, 0x00, 0x00, 0x00, 0x00,
    0x00, 0x00, 0x00, 0x00, 0x00, 0x00, 0x00, 0x00, 0x00, 0x00, 0x00, 0x00,
    0x00, 0x00, 0x00, 0x00, 0x00, 0x00, 0x00, 0x00, 0x00, 0x00, 0x00, 0x00,
    0x00, 0x00, 0x00, 0x00, 0x00, 0x00, 0x00, 0x00, 0x00, 0x00, 0x00, 0x00,
    0x00, 0x00, 0x00, 0x00, 0x00, 0x00, 0x00, 0x00, 0x00, 0x00, 0x00, 0x00,
    0x00, 0x00, 0x00, 0x00, 0x00, 0x00, 0x00, 0x00, 0x00, 0x00, 0x00, 0x00,
    0x00, 0x00, 0x00, 0x00, 0x00, 0x00, 0x00, 0x00, 0x00, 0x00, 0x00, 0x00,
    0x00, 0x00, 0x00, 0x00, 0x00, 0x00, 0x00, 0x00, 0x00, 0x00, 0x00, 0x00,
    0x00, 0x00, 0x00, 0x00, 0x00, 0x00, 0x00, 0x00, 0x00, 0x00, 0x00, 0x00,
    0x00, 0x00, 0x00, 0x00, 0x00, 0x00, 0x00, 0x00, 0x00, 0x00, 0x00, 0x00,
    0x00, 0x00, 0x00, 0x00, 0x00, 0x00, 0x00, 0x00, 0x00, 0x00, 0x00, 0x00,
    0x00, 0x00, 0x00, 0x00, 0x00, 0x00, 0x00, 0x00, 0x00, 0x00, 0x00, 0x00,
    0x00, 0x00, 0x00, 0x00, 0x00, 0x00, 0x00, 0x00, 0x00, 0x00, 0x00, 0x00,
    0x00, 0x00, 0x00, 0x00, 0x00, 0x00, 0x00, 0x00, 0x00, 0x00, 0x00, 0x00,
    0x00, 0x00, 0x00, 0x00, 0x00, 0x00, 0x00, 0x00, 0x00, 0x00, 0x00, 0x00,
    0x00, 0x00, 0x00, 0x00, 0x00, 0x00, 0x00, 0x00, 0x00, 0x00, 0x00, 0x00,
    0x00, 0x00, 0x00, 0x00, 0x00, 0x00, 0x00, 0x00, 0x00, 0x00, 0x00, 0x00,
    0x00, 0x00, 0x00, 0x00, 0x00, 0x00, 0x00, 0x00, 0x00, 0x00, 0x00, 0x00,
    0x00, 0x00, 0x00, 0x00, 0x00, 0x00, 0x00, 0x00, 0x00, 0x00, 0x00, 0x00,
    0x00, 0x00, 0x00, 0x00, 0x00, 0x00, 0x00, 0x00, 0x00, 0x00, 0x00, 0x00,
    0x00, 0x00, 0x00, 0x00, 0x00, 0x00, 0x00, 0x00, 0x00, 0x00, 0x00, 0x00,
    0x00, 0x00, 0x00, 0x00, 0x00, 0x00, 0x00, 0x00, 0x00, 0x00, 0x00, 0x00,
    0x00, 0x00, 0x00, 0x00, 0x00, 0x00, 0x00, 0x00, 0x00, 0x00, 0x00, 0x00,
    0x00, 0x00, 0x00, 0x00, 0x00, 0x00, 0x00, 0x00, 0x00, 0x00, 0x00, 0x00,
    0x00, 0x00, 0x00, 0x00, 0x00, 0x00, 0x00, 0x00, 0x00, 0x00, 0x00, 0x00,
    0x00, 0x00, 0x00, 0x00, 0x00, 0x00, 0x00, 0x00, 0x00, 0x00, 0x00, 0x00,
    0x00, 0x00, 0x00, 0x00, 0x00, 0x00, 0x00, 0x00, 0x00, 0x00, 0x00, 0x00,
    0x00, 0x00, 0x00, 0x00, 0x00, 0x00, 0x00, 0x00, 0x00, 0x00, 0x00, 0x00,
    0x00, 0x00, 0x00, 0x00, 0x00, 0x00, 0x00, 0x00, 0x00, 0x00, 0x00, 0x00,
    0x00, 0x00, 0x00, 0x00, 0x00, 0x00, 0x00, 0x00, 0x00, 0x00, 0x00, 0x00,
    0x00, 0x00, 0x00, 0x00, 0x00, 0x00, 0x00, 0x00, 0x00, 0x00, 0x00, 0x00,
    0x00, 0x00, 0x00, 0x00, 0x00, 0x00, 0x00, 0x00, 0x00, 0x00, 0x00, 0x00,
    0x00, 0x00, 0x00, 0x00, 0x00, 0x00, 0x00, 0x00, 0x00, 0x00, 0x00, 0x00,
    0x00, 0x00, 0x00, 0x00, 0x00, 0x00, 0x00, 0x00, 0x00, 0x00, 0x00, 0x00,
    0x00, 0x00, 0x00, 0x00, 0x00, 0x00, 0x00, 0x00, 0x00, 0x00, 0x00, 0x00,
    0x00, 0x00, 0x00, 0x00, 0x00, 0x00, 0x00, 0x00, 0x00, 0x00, 0x00, 0x00,
    0x00, 0x00, 0x00, 0x00, 0x00, 0x00, 0x00, 0x00, 0x00, 0x00, 0x00, 0x00,
    0x00, 0x00, 0x00, 0x00, 0x00, 0x00, 0x00, 0x00, 0x00, 0x00, 0x00, 0x00,
    0x00, 0x00, 0x00, 0x00, 0x00, 0x00, 0x00, 0x00, 0x00, 0x00, 0x00, 0x00,
    0x00, 0x00, 0x00, 0x00, 0x00, 0x00, 0x00, 0x00, 0x00, 0x00, 0x00, 0x00,
    0x00, 0x00, 0x00, 0x00, 0x00, 0x00, 0x00, 0x00, 0x00, 0x00, 0x00, 0x00,
    0x00, 0x00, 0x00, 0x00, 0x00, 0x00, 0x00, 0x00, 0x00, 0x00, 0x00, 0x00,
    0x00, 0x00, 0x00, 0x00, 0x00, 0x00, 0x00, 0x00, 0x00, 0x00, 0x00, 0x00,
    0x00, 0x00, 0x00, 0x00, 0x00, 0x00, 0x00, 0x00, 0x00, 0x00, 0x00, 0x00,
    0x00, 0x00, 0x00, 0x00, 0x00, 0x00, 0x00, 0x00, 0x00, 0x00, 0x00, 0x00,
    0x00, 0x00, 0x00, 0x00, 0x00, 0x00, 0x00, 0x00, 0x00, 0x00, 0x00, 0x00,
    0x00, 0x00, 0x00, 0x00, 0x00, 0x00, 0x00, 0x00, 0x00, 0x00, 0x00, 0x00,
    0x00, 0x00, 0x00, 0x00, 0x00, 0x00, 0x00, 0x00, 0x00, 0x00, 0x00, 0x00,
    0x00, 0x00, 0x00, 0x00, 0x00, 0x00, 0x00, 0x00, 0x00, 0x00, 0x00, 0x00,
    0x00, 0x00, 0x00, 0x00, 0x00, 0x00, 0x00, 0x00, 0x00, 0x00, 0x00, 0x00,
    0x00, 0x00, 0x00, 0x00, 0x00, 0x00, 0x00, 0x00, 0x00, 0x00, 0x00, 0x00,
    0x00, 0x00, 0x00, 0x00, 0x00, 0x00, 0x00, 0x00, 0x00, 0x00, 0x00, 0x00,
    0x00, 0x00, 0x00, 0x00, 0x00, 0x00, 0x00, 0x00, 0x00, 0x00, 0x00, 0x00,
    0x00, 0x00, 0x00, 0x00, 0x00, 0x00, 0x00, 0x00, 0x00, 0x00, 0x00, 0x00,
    0x00, 0x00, 0x00, 0x00, 0x00, 0x00, 0x00, 0x00, 0x00, 0x00, 0x00, 0x00,
    0x00, 0x00, 0x00, 0x00, 0x00, 0x00, 0x00, 0x00, 0x00, 0x00, 0x00, 0x00,
    0x00, 0x00, 0x00, 0x00, 0x00, 0x00, 0x00, 0x00, 0x00, 0x00, 0x00, 0x00,
    0x00, 0x00, 0x00, 0x00, 0x00, 0x00, 0x00, 0x00, 0x00, 0x00, 0x00, 0x00,
    0x00, 0x00, 0x00, 0x00, 0x00, 0x00, 0x00, 0x00, 0x00, 0x00, 0x00, 0x00,
    0x00, 0x00, 0x00, 0x00, 0x00, 0x00, 0x00, 0x00, 0x00, 0x00, 0x00, 0x00,
    0x00, 0x00, 0x00, 0x00, 0x00, 0x00, 0x00, 0x00, 0x00, 0x00, 0x00, 0x00,
    0x00, 0x00, 0x00, 0x00, 0x00, 0x00, 0x00, 0x00, 0x00, 0x00, 0x00, 0x00,
    0x00, 0x00, 0x00, 0x00, 0x00, 0x00, 0x00, 0x00, 0x00, 0x00, 0x00, 0x00,
    0x00, 0x00, 0x00, 0x00, 0x00, 0x00, 0x00, 0x00, 0x00, 0x00, 0x00, 0x00,
    0x00, 0x00, 0x00, 0x00, 0x00, 0x00, 0x00, 0x00, 0x00, 0x00, 0x00, 0x00,
    0x00, 0x00, 0x00, 0x00, 0x00, 0x00, 0x00, 0x00, 0x00, 0x00, 0x00, 0x00,
    0x00, 0x00, 0x00, 0x00, 0x00, 0x00, 0x00, 0x00, 0x00, 0x00, 0x00, 0x00,
    0x00, 0x00, 0x00, 0x00, 0x00, 0x00, 0x00, 0x00, 0x00, 0x00, 0x00, 0x00,
    0x00, 0x00, 0x00, 0x00, 0x00, 0x00, 0x00, 0x00, 0x00, 0x00, 0x00, 0x00,
    0x00, 0x00, 0x00, 0x00, 0x00, 0x00, 0x00, 0x00, 0x00, 0x00, 0x00, 0x00,
    0x00, 0x00, 0x00, 0x00, 0x00, 0x00, 0x00, 0x00, 0x00, 0x00, 0x00, 0x00,
    0x00, 0x00, 0x00, 0x00, 0x00, 0x00, 0x00, 0x00, 0x00, 0x00, 0x00, 0x00,
    0x00, 0x00, 0x00, 0x00, 0x00, 0x00, 0x00, 0x00, 0x00, 0x00, 0x00, 0x00,
    0x00, 0x00, 0x00, 0x00, 0x00, 0x00, 0x00, 0x00, 0x00, 0x00, 0x00, 0x00,
    0x00, 0x00, 0x00, 0x00, 0x00, 0x00, 0x00, 0x00, 0x00, 0x00, 0x00, 0x00,
    0x00, 0x00, 0x00, 0x00, 0x00, 0x00, 0x00, 0x00, 0x00, 0x00, 0x00, 0x00,
    0x00, 0x00, 0x00, 0x00, 0x00, 0x00, 0x00, 0x00, 0x00, 0x00, 0x00, 0x00,
    0x00, 0x00, 0x00, 0x00, 0x00, 0x00, 0x00, 0x00, 0x00, 0x00, 0x00, 0x00,
    0x00, 0x00, 0x00, 0x00, 0x00, 0x00, 0x00, 0x00, 0x00, 0x00, 0x00, 0x00,
    0x00, 0x00, 0x00, 0x00, 0x00, 0x00, 0x00, 0x00, 0x00, 0x00, 0x00, 0x00,
    0x00, 0x00, 0x00, 0x00, 0x00, 0x00, 0x00, 0x00, 0x00, 0x00, 0x00, 0x00,
    0x00, 0x00, 0x00, 0x00, 0x00, 0x00, 0x00, 0x00, 0x00, 0x00, 0x00, 0x00,
    0x00, 0x00, 0x00, 0x00, 0x00, 0x00, 0x00, 0x00, 0x00, 0x00, 0x00, 0x00,
    0x00, 0x00, 0x00, 0x00, 0x00, 0x00, 0x00, 0x00, 0x00, 0x00, 0x00, 0x00,
    0x00, 0x00, 0x00, 0x00, 0x00, 0x00, 0x00, 0x00, 0x00, 0x00, 0x00, 0x00,
    0x00, 0x00, 0x00, 0x00, 0x00, 0x00, 0x00, 0x00, 0x00, 0x00, 0x00, 0x00,
    0x00, 0x00, 0x00, 0x00, 0x00, 0x00, 0x00, 0x00, 0x00, 0x00, 0x00, 0x00,
    0x00, 0x00, 0x00, 0x00, 0x00, 0x00, 0x00, 0x00, 0x00, 0x00, 0x00, 0x00,
    0x00, 0x00, 0x00, 0x00, 0x00, 0x00, 0x00, 0x00, 0x00, 0x00, 0x00, 0x00,
    0x00, 0x00, 0x00, 0x00, 0x00, 0x00, 0x00, 0x00, 0x00, 0x00, 0x00, 0x00,
    0x00, 0x00, 0x00, 0x00, 0x00, 0x00, 0x00, 0x00, 0x00, 0x00, 0x00, 0x00,
    0x00, 0x00, 0x00, 0x00, 0x00, 0x00, 0x00, 0x00, 0x00, 0x00, 0x00, 0x00,
    0x00, 0x00, 0x00, 0x00, 0x00, 0x00, 0x00, 0x00, 0x00, 0x00, 0x00, 0x00,
    0x00, 0x00, 0x00, 0x00, 0x00, 0x00, 0x00, 0x00, 0x00, 0x00, 0x00, 0x00,
    0x00, 0x00, 0x00, 0x00, 0x00, 0x00, 0x00, 0x00, 0x00, 0x00, 0x00, 0x00,
    0x00, 0x00, 0x00, 0x00, 0x00, 0x00, 0x00, 0x00, 0x00, 0x00, 0x00, 0x00,
    0x00, 0x00, 0x00, 0x00, 0x00, 0x00, 0x00, 0x00, 0x00, 0x00, 0x00, 0x00,
    0x00, 0x00, 0x00, 0x00, 0x00, 0x00, 0x00, 0x00, 0x00, 0x00, 0x00, 0x00,
    0x00, 0x00, 0x00, 0x00, 0x00, 0x00, 0x00, 0x00, 0x00, 0x00, 0x00, 0x00,
    0x00, 0x00, 0x00, 0x00, 0x00, 0x00, 0x00, 0x00, 0x00, 0x00, 0x00, 0x00,
    0x00, 0x00, 0x00, 0x00, 0x00, 0x00, 0x00, 0x00, 0x00, 0x00, 0x00, 0x00,
    0x00, 0x00, 0x00, 0x00, 0x00, 0x00, 0x00, 0x00, 0x00, 0x00, 0x00, 0x00,
    0x00, 0x00, 0x00, 0x00, 0x00, 0x00, 0x00, 0x00, 0x00, 0x00, 0x00, 0x00,
    0x00, 0x00, 0x00, 0x00, 0x00, 0x00, 0x00, 0x00, 0x00, 0x00, 0x00, 0x00,
    0x00, 0x00, 0x00, 0x00, 0x00, 0x00, 0x00, 0x00, 0x00, 0x00, 0x00, 0x00,
    0x00, 0x00, 0x00, 0x00, 0x00, 0x00, 0x00, 0x00, 0x00, 0x00, 0x00, 0x00,
    0x00, 0x00, 0x00, 0x00, 0x00, 0x00, 0x00, 0x00, 0x00, 0x00, 0x00, 0x00,
    0x00, 0x00, 0x00, 0x00, 0x00, 0x00, 0x00, 0x00, 0x00, 0x00, 0x00, 0x00,
    0x00, 0x00, 0x00, 0x00, 0x00, 0x00, 0x00, 0x00, 0x00, 0x00, 0x00, 0x00,
    0x00, 0x00, 0x00, 0x00, 0x00, 0x00, 0x00, 0x00, 0x00, 0x00, 0x00, 0x00,
    0x00, 0x00, 0x00, 0x00, 0x00, 0x00, 0x00, 0x00, 0x00, 0x00, 0x00, 0x00,
    0x00, 0x00, 0x00, 0x00, 0x00, 0x00, 0x00, 0x00, 0x00, 0x00, 0x00, 0x00,
    0x00, 0x00, 0x00, 0x00, 0x00, 0x00, 0x00, 0x00, 0x00, 0x00, 0x00, 0x00,
    0x00, 0x00, 0x00, 0x00, 0x00, 0x00, 0x00, 0x00, 0x00, 0x00, 0x00, 0x00,
    0x00, 0x00, 0x00, 0x00, 0x00, 0x00, 0x00, 0x00, 0x00, 0x00, 0x00, 0x00,
    0x00, 0x00, 0x00, 0x00, 0x00, 0x00, 0x00, 0x00, 0x00, 0x00, 0x00, 0x00,
    0x00, 0x00, 0x00, 0x00, 0x00, 0x00, 0x00, 0x00, 0x00, 0x00, 0x00, 0x00,
    0x00, 0x00, 0x00, 0x00, 0x00, 0x00, 0x00, 0x00, 0x00, 0x00, 0x00, 0x00,
    0x00, 0x00, 0x00, 0x00, 0x00, 0x00, 0x00, 0x00, 0x00, 0x00, 0x00, 0x00,
    0x00, 0x00, 0x00, 0x00, 0x00, 0x00, 0x00, 0x00, 0x00, 0x00, 0x00, 0x00,
    0x00, 0x00, 0x00, 0x00, 0x00, 0x00, 0x00, 0x00, 0x00, 0x00, 0x00, 0x00,
    0x00, 0x00, 0x00, 0x00, 0x00, 0x00, 0x00, 0x00, 0x00, 0x00, 0x00, 0x00,
    0x00, 0x00, 0x00, 0x00, 0x00, 0x00, 0x00, 0x00, 0x00, 0x00, 0x00, 0x00,
    0x00, 0x00, 0x00, 0x00, 0x00, 0x00, 0x00, 0x00, 0x00, 0x00, 0x00, 0x00,
    0x00, 0x00, 0x00, 0x00, 0x00, 0x00, 0x00, 0x00, 0x00, 0x00, 0x00, 0x00,
    0x00, 0x00, 0x00, 0x00, 0x00, 0x00, 0x00, 0x00, 0x00, 0x00, 0x00, 0x00,
    0x00, 0x00, 0x00, 0x00, 0xb7, 0x07, 0x00, 0x80, 0x9b, 0x87, 0xf7, 0xff,
    0x37, 0x15, 0x01, 0x00, 0x13, 0x05, 0x75, 0x33, 0x93, 0x08, 0x00, 0x40,
    0x93, 0x05, 0x00, 0x00, 0x13, 0x06, 0x00, 0x00, 0x73, 0x00, 0x00, 0x00,
    0x13, 0x88, 0x17, 0x00, 0xb3, 0x75, 0x05, 0x01, 0x63, 0x92, 0x05, 0x14,
    0x13, 0x03, 0x00, 0x00, 0x33, 0x77, 0xf5, 0x00, 0xb7, 0x26, 0x01, 0x00,
    0x93, 0x86, 0x26, 0x34, 0x93, 0x02, 0xf0, 0x1f, 0x93, 0x08, 0xf0, 0x03,
    0xb3, 0x85, 0x66, 0x00, 0x33, 0x86, 0x62, 0x40, 0x13, 0x05, 0x07, 0x00,
    0x73, 0x00, 0x00, 0x00, 0xb3, 0x05, 0x65, 0x00, 0x93, 0x83, 0x05, 0x00,
    0x63, 0x44, 0xa0, 0x00, 0x93, 0x03, 0x03, 0x00, 0x63, 0x56, 0xa0, 0x00,
    0x13, 0x83, 0x03, 0x00, 0xe3, 0xec, 0x55, 0xfc, 0x93, 0x08, 0x90, 0x03,
    0x93, 0x05, 0x00, 0x00, 0x13, 0x06, 0x00, 0x00, 0x13, 0x05, 0x07, 0x00,
    0x73, 0x00, 0x00, 0x00, 0x33, 0x85, 0x76, 0x00, 0x23, 0x00, 0x05, 0x00,
    0x63, 0x50, 0x70, 0x0e, 0xb7, 0x15, 0x01, 0x00, 0x93, 0x85, 0xe5, 0x32,
    0x13, 0x06, 0x10, 0x00, 0x93, 0x08, 0x00, 0x04, 0x13, 0x05, 0x10, 0x00,
    0x73, 0x00, 0x00, 0x00, 0x93, 0x05, 0x00, 0x02, 0x37, 0x05, 0x80, 0x00,
    0x1b, 0x05, 0x15, 0x01, 0x13, 0x16, 0x95, 0x00, 0x13, 0x85, 0x06, 0x00,
    0x03, 0x47, 0x05, 0x00, 0x63, 0xee, 0xe5, 0x00, 0x33, 0x57, 0xe6, 0x00,
    0x13, 0x77, 0x17, 0x00, 0x63, 0x08, 0x07, 0x00, 0x13, 0x05, 0x15, 0x00,
    0x93, 0x86, 0x16, 0x00, 0x6f, 0xf0, 0x5f, 0xfe, 0x93, 0x05, 0xe5, 0xff,
    0x13, 0x06, 0x10, 0x00, 0x03, 0xc7, 0x25, 0x00, 0x93, 0x85, 0x15, 0x00,
    0x13, 0x06, 0xf6, 0xff, 0xe3, 0x1a, 0x07, 0xfe, 0x63, 0x0c, 0x06, 0x02,
    0x13, 0x07, 0x00, 0x02, 0xb7, 0x08, 0x80, 0x00, 0x9b, 0x88, 0x38, 0x01,
    0x93, 0x98, 0x98, 0x00, 0x83, 0xc2, 0x05, 0x00, 0x63, 0x60, 0x57, 0x02,
    0xb3, 0xd2, 0x58, 0x00, 0x93, 0xf2, 0x12, 0x00, 0x63, 0x8a, 0x02, 0x00,
    0x23, 0x80, 0x05, 0x00, 0x13, 0x06, 0x16, 0x00, 0x93, 0x85, 0xf5, 0xff,
    0xe3, 0x10, 0x06, 0xfe, 0x13, 0x06, 0x00, 0x00, 0xb3, 0x05, 0xc5, 0x00,
    0x83, 0xc5, 0x05, 0x00, 0x13, 0x06, 0x16, 0x00, 0xe3, 0x9a, 0x05, 0xfe,
    0x13, 0x06, 0xf6, 0xff, 0x93, 0x08, 0x00, 0x04, 0x13, 0x05, 0x10, 0x00,
    0x93, 0x85, 0x06, 0x00, 0x73, 0x00, 0x00, 0x00, 0xb7, 0x15, 0x01, 0x00,
    0x93, 0x85, 0xe5, 0x32, 0x13, 0x06, 0x10, 0x00, 0x93, 0x08, 0x00, 0x04,
    0x13, 0x05, 0x10, 0x00, 0x73, 0x00, 0x00, 0x00, 0x37, 0x15, 0x01, 0x00,
    0x13, 0x05, 0x05, 0x32, 0x93, 0x08, 0x00, 0x40, 0x93, 0x05, 0x00, 0x00,
    0x13, 0x06, 0x00, 0x00, 0x73, 0x00, 0x00, 0x00, 0xb3, 0x75, 0x05, 0x01,
    0x63, 0x8c, 0x05, 0x02, 0xb7, 0x15, 0x01, 0x00, 0x93, 0x85, 0x05, 0x33,
    0x13, 0x06, 0x60, 0x00, 0x93, 0x08, 0x00, 0x04, 0x13, 0x05, 0x10, 0x00,
    0x73, 0x00, 0x00, 0x00, 0xb7, 0x15, 0x01, 0x00, 0x93, 0x85, 0xe5, 0x32,
    0x13, 0x06, 0x10, 0x00, 0x93, 0x08, 0x00, 0x04, 0x13, 0x05, 0x10, 0x00,
    0x73, 0x00, 0x00, 0x00, 0x6f, 0x00, 0x40, 0x14, 0x13, 0x08, 0x00, 0x00,
    0x33, 0x77, 0xf5, 0x00, 0xb7, 0x26, 0x01, 0x00, 0x93, 0x86, 0x26, 0x34,
    0x93, 0x07, 0xf0, 0x1f, 0x93, 0x08, 0xf0, 0x03, 0xb3, 0x85, 0x06, 0x01,
    0x33, 0x86, 0x07, 0x41, 0x13, 0x05, 0x07, 0x00, 0x73, 0x00, 0x00, 0x00,
    0xb3, 0x05, 0x05, 0x01, 0x93, 0x82, 0x05, 0x00, 0x63, 0x44, 0xa0, 0x00,
    0x93, 0x02, 0x08, 0x00, 0x63, 0x56, 0xa0, 0x00, 0x13, 0x88, 0x02, 0x00,
    0xe3, 0xec, 0xf5, 0xfc, 0x93, 0x08, 0x90, 0x03, 0x93, 0x05, 0x00, 0x00,
    0x13, 0x06, 0x00, 0x00, 0x13, 0x05, 0x07, 0x00, 0x73, 0x00, 0x00, 0x00,
    0x33, 0x85, 0x56, 0x00, 0x23, 0x00, 0x05, 0x00, 0xe3, 0x56, 0x50, 0xf6,
    0x93, 0x05, 0x00, 0x02, 0x37, 0x05, 0x80, 0x00, 0x1b, 0x05, 0x15, 0x01,
    0x13, 0x16, 0x95, 0x00, 0x13, 0x85, 0x06, 0x00, 0x03, 0x47, 0x05, 0x00,
    0x63, 0xee, 0xe5, 0x00, 0x33, 0x57, 0xe6, 0x00, 0x13, 0x77, 0x17, 0x00,
    0x63, 0x08, 0x07, 0x00, 0x13, 0x05, 0x15, 0x00, 0x93, 0x86, 0x16, 0x00,
    0x6f, 0xf0, 0x5f, 0xfe, 0x93, 0x05, 0xe5, 0xff, 0x13, 0x06, 0x10, 0x00,
    0x03, 0xc7, 0x25, 0x00, 0x93, 0x85, 0x15, 0x00, 0x13, 0x06, 0xf6, 0xff,
    0xe3, 0x1a, 0x07, 0xfe, 0x63, 0x0c, 0x06, 0x02, 0x13, 0x07, 0x00, 0x02,
    0xb7, 0x07, 0x80, 0x00, 0x9b, 0x87, 0x37, 0x01, 0x93, 0x97, 0x97, 0x00,
    0x03, 0xc8, 0x05, 0x00, 0x63, 0x60, 0x07, 0x03, 0x33, 0xd8, 0x07, 0x01,
    0x13, 0x78, 0x18, 0x00, 0x63, 0x0a, 0x08, 0x00, 0x23, 0x80, 0x05, 0x00,
    0x13, 0x06, 0x16, 0x00, 0x93, 0x85, 0xf5, 0xff, 0xe3, 0x10, 0x06, 0xfe,
    0x13, 0x06, 0x00, 0x00, 0xb3, 0x05, 0xc5, 0x00, 0x83, 0xc5, 0x05, 0x00,
    0x13, 0x06, 0x16, 0x00, 0xe3, 0x9a, 0x05, 0xfe, 0x13, 0x06, 0xf6, 0xff,
    0x93, 0x08, 0x00, 0x04, 0x13, 0x05, 0x10, 0x00, 0x93, 0x85, 0x06, 0x00,
    0x73, 0x00, 0x00, 0x00, 0xb7, 0x15, 0x01, 0x00, 0x93, 0x85, 0x85, 0x31,
    0x13, 0x06, 0x70, 0x00, 0x93, 0x08, 0x00, 0x04, 0x13, 0x05, 0x10, 0x00,
    0x73, 0x00, 0x00, 0x00, 0xb7, 0x15, 0x01, 0x00, 0x93, 0x85, 0xe5, 0x32,
    0x13, 0x06, 0x10, 0x00, 0x93, 0x08, 0x00, 0x04, 0x13, 0x05, 0x10, 0x00,
    0x73, 0x00, 0x00, 0x00, 0x93, 0x08, 0xd0, 0x05, 0x93, 0x05, 0x00, 0x00,
    0x13, 0x06, 0x00, 0x00, 0x13, 0x05, 0x00, 0x00, 0x73, 0x00, 0x00, 0x00,
    0x6f, 0x00, 0x00, 0x00, 0x20, 0x6c, 0x6f, 0x67, 0x69, 0x6e, 0x3a, 0x00,
    0x2f, 0x65, 0x74, 0x63, 0x2f, 0x68, 0x6f, 0x73, 0x74, 0x6e, 0x61, 0x6d,
    0x65, 0x00, 0x0a, 0x00, 0x6c, 0x6f, 0x67, 0x69, 0x6e, 0x3a, 0x00, 0x2f,
    0x65, 0x74, 0x63, 0x2f, 0x69, 0x73, 0x73, 0x75, 0x65, 0x00, 0x00, 0x4c,
    0x69, 0x6e, 0x6b, 0x65, 0x72, 0x3a, 0x20, 0x44, 0x65, 0x62, 0x69, 0x61,
    0x6e, 0x20, 0x4c, 0x4c, 0x44, 0x20, 0x31, 0x39, 0x2e, 0x31, 0x2e, 0x37,
    0x00, 0x44, 0x65, 0x62, 0x69, 0x61, 0x6e, 0x20, 0x63, 0x6c, 0x61, 0x6e,
    0x67, 0x20, 0x76, 0x65, 0x72, 0x73, 0x69, 0x6f, 0x6e, 0x20, 0x31, 0x39,
    0x2e, 0x31, 0x2e, 0x37, 0x20, 0x28, 0x33, 0x2b, 0x62, 0x31, 0x29, 0x00,
    0x41, 0x29, 0x00, 0x00, 0x00, 0x72, 0x69, 0x73, 0x63, 0x76, 0x00, 0x01,
    0x1f, 0x00, 0x00, 0x00, 0x04, 0x10, 0x05, 0x72, 0x76, 0x36, 0x34, 0x69,
    0x32, 0x70, 0x31, 0x5f, 0x6d, 0x32, 0x70, 0x30, 0x5f, 0x7a, 0x6d, 0x6d,
    0x75, 0x6c, 0x31, 0x70, 0x30, 0x00, 0x00, 0x00, 0x00, 0x00, 0x00, 0x00,
    0x00, 0x00, 0x00, 0x00, 0x00, 0x00, 0x00, 0x00, 0x00, 0x00, 0x00, 0x00,
    0x00, 0x00, 0x00, 0x00, 0x00, 0x00, 0x00, 0x00, 0x00, 0x00, 0x00, 0x00,
    0x01, 0x00, 0x00, 0x00, 0x04, 0x00, 0xf1, 0xff, 0x00, 0x00, 0x00, 0x00,
    0x00, 0x00, 0x00, 0x00, 0x00, 0x00, 0x00, 0x00, 0x00, 0x00, 0x00, 0x00,
    0x09, 0x00, 0x00, 0x00, 0x00, 0x00, 0x01, 0x00, 0x00, 0x00, 0x01, 0x00,
    0x00, 0x00, 0x00, 0x00, 0x00, 0x00, 0x00, 0x00, 0x00, 0x00, 0x00, 0x00,
    0x0c, 0x00, 0x00, 0x00, 0x01, 0x00, 0x03, 0x00, 0x42, 0x23, 0x01, 0x00,
    0x00, 0x00, 0x00, 0x00, 0x00, 0x02, 0x00, 0x00, 0x00, 0x00, 0x00, 0x00,
    0x0e, 0x00, 0x00, 0x00, 0x00, 0x00, 0x02, 0x00, 0x37, 0x13, 0x01, 0x00,
    0x00, 0x00, 0x00, 0x00, 0x00, 0x00, 0x00, 0x00, 0x00, 0x00, 0x00, 0x00,
    0x11, 0x00, 0x00, 0x00, 0x00, 0x00, 0x03, 0x00, 0x42, 0x23, 0x01, 0x00,
    0x00, 0x00, 0x00, 0x00, 0x00, 0x00, 0x00, 0x00, 0x00, 0x00, 0x00, 0x00,
    0x14, 0x00, 0x00, 0x00, 0x00, 0x00, 0x04, 0x00, 0x00, 0x00, 0x00, 0x00,
    0x00, 0x00, 0x00, 0x00, 0x00, 0x00, 0x00, 0x00, 0x00, 0x00, 0x00, 0x00,
    0x17, 0x00, 0x00, 0x00, 0x00, 0x00, 0xf1, 0xff, 0x00, 0x00, 0x00, 0x00,
    0x00, 0x00, 0x00, 0x00, 0x00, 0x00, 0x00, 0x00, 0x00, 0x00, 0x00, 0x00,
    0x1a, 0x00, 0x00, 0x00, 0x12, 0x00, 0x01, 0x00, 0x00, 0x00, 0x01, 0x00,
    0x00, 0x00, 0x00, 0x00, 0x18, 0x03, 0x00, 0x00, 0x00, 0x00, 0x00, 0x00,
    0x00, 0x2e, 0x74, 0x65, 0x78, 0x74, 0x00, 0x2e, 0x72, 0x6f, 0x64, 0x61,
    0x74, 0x61, 0x00, 0x2e, 0x62, 0x73, 0x73, 0x00, 0x2e, 0x63, 0x6f, 0x6d,
    0x6d, 0x65, 0x6e, 0x74, 0x00, 0x2e, 0x72, 0x69, 0x73, 0x63, 0x76, 0x2e,
    0x61, 0x74, 0x74, 0x72, 0x69, 0x62, 0x75, 0x74, 0x65, 0x73, 0x00, 0x2e,
    0x73, 0x79, 0x6d, 0x74, 0x61, 0x62, 0x00, 0x2e, 0x73, 0x68, 0x73, 0x74,
    0x72, 0x74, 0x61, 0x62, 0x00, 0x2e, 0x73, 0x74, 0x72, 0x74, 0x61, 0x62,
    0x00, 0x00, 0x6c, 0x6f, 0x67, 0x69, 0x6e, 0x2e, 0x63, 0x00, 0x24, 0x78,
    0x00, 0x62, 0x00, 0x24, 0x64, 0x00, 0x24, 0x64, 0x00, 0x24, 0x64, 0x00,
    0x24, 0x64, 0x00, 0x5f, 0x73, 0x74, 0x61, 0x72, 0x74, 0x00, 0x00, 0x00,
    0x00, 0x00, 0x00, 0x00, 0x00, 0x00, 0x00, 0x00, 0x00, 0x00, 0x00, 0x00,
    0x00, 0x00, 0x00, 0x00, 0x00, 0x00, 0x00, 0x00, 0x00, 0x00, 0x00, 0x00,
    0x00, 0x00, 0x00, 0x00, 0x00, 0x00, 0x00, 0x00, 0x00, 0x00, 0x00, 0x00,
    0x00, 0x00, 0x00, 0x00, 0x00, 0x00, 0x00, 0x00, 0x00, 0x00, 0x00, 0x00,
    0x00, 0x00, 0x00, 0x00, 0x00, 0x00, 0x00, 0x00, 0x00, 0x00, 0x00, 0x00,
    0x00, 0x00, 0x00, 0x00, 0x00, 0x00, 0x00, 0x00, 0x01, 0x00, 0x00, 0x00,
    0x01, 0x00, 0x00, 0x00, 0x06, 0x00, 0x00, 0x00, 0x00, 0x00, 0x00, 0x00,
    0x00, 0x00, 0x01, 0x00, 0x00, 0x00, 0x00, 0x00, 0x00, 0x10, 0x00, 0x00,
    0x00, 0x00, 0x00, 0x00, 0x18, 0x03, 0x00, 0x00, 0x00, 0x00, 0x00, 0x00,
    0x00, 0x00, 0x00, 0x00, 0x00, 0x00, 0x00, 0x00, 0x04, 0x00, 0x00, 0x00,
    0x00, 0x00, 0x00, 0x00, 0x00, 0x00, 0x00, 0x00, 0x00, 0x00, 0x00, 0x00,
    0x07, 0x00, 0x00, 0x00, 0x01, 0x00, 0x00, 0x00, 0x32, 0x00, 0x00, 0x00,
    0x00, 0x00, 0x00, 0x00, 0x18, 0x13, 0x01, 0x00, 0x00, 0x00, 0x00, 0x00,
    0x18, 0x13, 0x00, 0x00, 0x00, 0x00, 0x00, 0x00, 0x2a, 0x00, 0x00, 0x00,
    0x00, 0x00, 0x00, 0x00, 0x00, 0x00, 0x00, 0x00, 0x00, 0x00, 0x00, 0x00,
    0x01, 0x00, 0x00, 0x00, 0x00, 0x00, 0x00, 0x00, 0x01, 0x00, 0x00, 0x00,
    0x00, 0x00, 0x00, 0x00, 0x0f, 0x00, 0x00, 0x00, 0x08, 0x00, 0x00, 0x00,
    0x03, 0x00, 0x00, 0x00, 0x00, 0x00, 0x00, 0x00, 0x42, 0x23, 0x01, 0x00,
    0x00, 0x00, 0x00, 0x00, 0x42, 0x13, 0x00, 0x00, 0x00, 0x00, 0x00, 0x00,
    0x00, 0x02, 0x00, 0x00, 0x00, 0x00, 0x00, 0x00, 0x00, 0x00, 0x00, 0x00,
    0x00, 0x00, 0x00, 0x00, 0x01, 0x00, 0x00, 0x00, 0x00, 0x00, 0x00, 0x00,
    0x00, 0x00, 0x00, 0x00, 0x00, 0x00, 0x00, 0x00, 0x14, 0x00, 0x00, 0x00,
    0x01, 0x00, 0x00, 0x00, 0x30, 0x00, 0x00, 0x00, 0x00, 0x00, 0x00, 0x00,
    0x00, 0x00, 0x00, 0x00, 0x00, 0x00, 0x00, 0x00, 0x42, 0x13, 0x00, 0x00,
    0x00, 0x00, 0x00, 0x00, 0x3e, 0x00, 0x00, 0x00, 0x00, 0x00, 0x00, 0x00,
    0x00, 0x00, 0x00, 0x00, 0x00, 0x00, 0x00, 0x00, 0x01, 0x00, 0x00, 0x00,
    0x00, 0x00, 0x00, 0x00, 0x01, 0x00, 0x00, 0x00, 0x00, 0x00, 0x00, 0x00,
    0x1d, 0x00, 0x00, 0x00, 0x03, 0x00, 0x00, 0x70, 0x00, 0x00, 0x00, 0x00,
    0x00, 0x00, 0x00, 0x00, 0x00, 0x00, 0x00, 0x00, 0x00, 0x00, 0x00, 0x00,
    0x80, 0x13, 0x00, 0x00, 0x00, 0x00, 0x00, 0x00, 0x2a, 0x00, 0x00, 0x00,
    0x00, 0x00, 0x00, 0x00, 0x00, 0x00, 0x00, 0x00, 0x00, 0x00, 0x00, 0x00,
    0x01, 0x00, 0x00, 0x00, 0x00, 0x00, 0x00, 0x00, 0x00, 0x00, 0x00, 0x00,
    0x00, 0x00, 0x00, 0x00, 0x2f, 0x00, 0x00, 0x00, 0x02, 0x00, 0x00, 0x00,
    0x00, 0x00, 0x00, 0x00, 0x00, 0x00, 0x00, 0x00, 0x00, 0x00, 0x00, 0x00,
    0x00, 0x00, 0x00, 0x00, 0xb0, 0x13, 0x00, 0x00, 0x00, 0x00, 0x00, 0x00,
    0xd8, 0x00, 0x00, 0x00, 0x00, 0x00, 0x00, 0x00, 0x08, 0x00, 0x00, 0x00,
    0x08, 0x00, 0x00, 0x00, 0x08, 0x00, 0x00, 0x00, 0x00, 0x00, 0x00, 0x00,
    0x18, 0x00, 0x00, 0x00, 0x00, 0x00, 0x00, 0x00, 0x37, 0x00, 0x00, 0x00,
    0x03, 0x00, 0x00, 0x00, 0x00, 0x00, 0x00, 0x00, 0x00, 0x00, 0x00, 0x00,
    0x00, 0x00, 0x00, 0x00, 0x00, 0x00, 0x00, 0x00, 0x88, 0x14, 0x00, 0x00,
    0x00, 0x00, 0x00, 0x00, 0x49, 0x00, 0x00, 0x00, 0x00, 0x00, 0x00, 0x00,
    0x00, 0x00, 0x00, 0x00, 0x00, 0x00, 0x00, 0x00, 0x01, 0x00, 0x00, 0x00,
    0x00, 0x00, 0x00, 0x00, 0x00, 0x00, 0x00, 0x00, 0x00, 0x00, 0x00, 0x00,
    0x41, 0x00, 0x00, 0x00, 0x03, 0x00, 0x00, 0x00, 0x00, 0x00, 0x00, 0x00,
    0x00, 0x00, 0x00, 0x00, 0x00, 0x00, 0x00, 0x00, 0x00, 0x00, 0x00, 0x00,
    0xd1, 0x14, 0x00, 0x00, 0x00, 0x00, 0x00, 0x00, 0x21, 0x00, 0x00, 0x00,
    0x00, 0x00, 0x00, 0x00, 0x00, 0x00, 0x00, 0x00, 0x00, 0x00, 0x00, 0x00,
    0x01, 0x00, 0x00, 0x00, 0x00, 0x00, 0x00, 0x00, 0x00, 0x00, 0x00, 0x00,
    0x00, 0x00, 0x00, 0x00,
};
#define GUEST_LOGIN_LEN 5944

#endif /* NOM_GUESTBIN_H */
